movieId,year_group
1,2
2,2
3,2
4,2
5,2
6,2
7,2
8,2
9,2
10,2
11,2
12,2
13,2
14,2
15,2
16,2
17,2
18,2
19,2
20,2
21,2
22,2
23,2
24,2
25,2
26,2
27,2
28,2
29,2
30,2
31,2
32,2
34,2
36,2
38,2
39,2
40,2
41,2
42,2
43,2
44,2
45,2
46,2
47,2
48,2
49,2
50,2
52,2
53,2
54,2
55,2
57,2
58,2
60,2
61,3
62,2
63,3
64,3
65,3
66,3
68,2
69,2
70,3
71,2
72,2
73,2
74,3
75,3
76,2
77,2
78,2
79,3
80,2
81,2
82,2
83,2
85,2
86,3
87,3
88,3
89,2
92,3
93,2
94,3
95,3
96,2
97,2
99,2
100,3
101,3
102,3
103,3
104,3
105,2
106,2
107,3
108,3
110,2
111,2
112,2
113,3
116,2
117,2
118,3
119,2
121,2
122,2
123,2
125,3
126,2
128,2
129,3
132,2
135,3
137,2
140,3
141,3
144,2
145,2
146,2
147,2
148,2
149,2
150,2
151,2
152,2
153,2
154,1
155,2
156,2
157,2
158,2
159,2
160,2
161,2
162,2
163,2
164,2
165,2
166,2
168,2
169,2
170,2
171,2
172,2
173,2
174,2
175,2
176,2
177,2
178,2
179,2
180,2
181,2
183,2
184,2
185,2
186,2
187,2
188,2
189,2
190,2
191,2
193,2
194,2
195,2
196,2
198,2
199,1
201,2
202,2
203,2
204,2
205,2
206,2
207,2
208,2
209,2
210,2
211,2
212,2
213,2
214,2
215,2
216,2
217,2
218,2
219,2
220,2
222,2
223,2
224,2
225,2
227,2
228,2
229,2
230,2
231,2
232,2
233,2
234,2
235,2
236,2
237,2
238,2
239,2
240,2
241,2
242,2
243,2
246,2
247,2
248,2
249,2
250,2
251,2
252,2
253,2
254,2
255,2
256,2
257,2
258,2
259,2
260,2
261,2
262,2
263,2
265,2
266,2
267,2
269,2
270,2
271,2
272,2
273,2
274,2
275,2
276,2
277,2
278,2
279,2
280,2
281,2
282,2
283,2
284,2
285,2
287,2
288,2
289,2
290,2
291,3
292,2
293,2
294,2
295,2
296,2
298,2
299,2
300,2
301,2
302,2
303,2
304,2
305,2
306,2
307,2
308,2
310,2
311,2
312,2
313,2
314,2
315,2
316,2
317,2
318,2
319,2
320,2
321,2
322,2
324,2
325,2
326,2
327,2
328,2
329,2
330,2
331,2
332,2
333,2
334,2
335,2
336,2
337,2
338,2
339,2
340,2
341,2
342,2
343,2
344,2
345,2
346,2
347,2
348,2
349,2
350,2
351,2
352,2
353,2
354,2
355,2
356,2
357,2
358,2
359,2
360,2
361,2
362,2
363,2
364,2
365,2
366,2
367,2
368,2
369,2
370,2
371,2
372,2
373,2
374,2
376,2
377,2
378,2
379,2
380,2
381,2
382,2
383,2
384,2
385,2
386,2
387,2
388,2
389,2
390,1
391,2
393,2
405,2
406,2
407,2
408,2
409,2
410,2
412,2
413,2
414,2
415,2
416,2
417,2
418,2
419,2
420,2
421,2
422,2
423,2
424,2
425,2
426,2
427,2
428,2
429,2
430,2
431,2
432,2
433,2
434,2
435,2
436,2
437,2
438,2
440,2
441,2
442,2
444,2
445,2
446,2
448,2
449,2
450,2
451,2
452,2
453,2
454,2
455,2
456,2
457,2
458,2
459,2
460,2
461,2
464,2
466,2
467,2
468,2
469,2
470,2
471,2
472,2
473,2
474,2
475,2
476,2
477,2
478,2
479,2
480,2
481,2
482,2
484,2
485,2
486,2
487,2
488,2
489,2
490,2
491,2
492,2
493,2
494,3
495,2
496,2
497,2
499,2
500,2
501,2
502,2
504,2
505,2
506,2
507,2
508,2
509,2
510,2
511,2
512,2
513,2
514,2
515,2
516,2
517,2
518,2
519,2
520,2
521,2
522,2
523,2
524,2
526,2
527,2
528,2
529,2
531,2
532,2
533,2
534,2
535,2
536,2
537,2
538,2
539,2
540,2
541,2
542,2
543,2
544,2
546,2
547,2
548,2
549,2
550,2
551,2
552,2
553,2
555,2
556,2
558,2
562,2
563,2
564,2
567,2
568,2
569,2
573,2
574,2
575,2
577,2
579,2
580,2
581,2
583,2
585,2
586,2
587,2
588,2
589,2
590,2
592,2
593,2
594,1
595,2
596,1
597,2
599,1
600,2
602,2
605,3
606,2
608,3
609,3
610,2
611,3
612,3
613,3
615,1
616,1
617,2
618,2
619,3
626,3
627,2
628,3
631,3
632,2
633,2
634,2
635,3
636,2
637,3
638,2
639,3
640,3
645,2
647,3
648,3
649,2
650,3
653,3
656,3
661,3
662,3
663,3
665,2
667,3
668,1
670,1
671,3
673,3
674,1
678,2
679,2
680,1
685,3
688,2
691,3
692,3
694,3
695,3
697,3
698,2
700,2
703,3
704,3
706,3
707,3
708,3
709,2
710,3
711,3
714,2
715,2
718,2
719,3
720,3
722,3
724,3
725,3
726,3
728,2
731,3
733,3
735,2
736,3
737,3
741,2
742,3
743,3
745,2
747,3
748,3
750,1
757,2
759,2
760,2
761,3
762,3
764,2
765,3
766,3
773,1
775,1
778,3
779,3
780,3
781,3
782,3
783,3
784,3
785,3
786,3
788,3
790,2
791,2
795,2
798,3
799,3
800,3
801,3
802,3
803,3
804,3
805,3
806,3
808,3
809,3
810,3
813,3
818,3
823,1
824,2
828,3
829,3
830,3
832,3
833,3
835,3
836,3
837,3
838,3
839,3
840,3
841,1
842,3
848,3
849,3
851,3
852,3
858,1
861,2
866,3
867,3
869,3
870,3
875,2
876,2
879,3
880,3
881,3
882,3
885,3
886,3
888,2
889,2
891,2
892,3
893,3
896,2
897,1
898,1
899,1
900,1
901,1
902,1
903,1
904,1
905,1
906,1
907,1
908,1
909,1
910,1
911,1
912,1
913,1
914,1
915,1
916,1
917,1
918,1
919,1
920,1
921,2
922,1
923,1
924,1
926,1
927,1
928,1
929,1
930,1
931,1
932,1
933,1
934,1
935,1
936,1
937,1
938,1
940,1
941,1
942,1
943,1
944,1
945,1
946,1
947,1
948,1
949,1
950,1
951,1
952,1
953,1
954,1
955,1
956,1
959,1
961,1
963,1
965,1
968,1
969,1
970,1
971,1
973,1
976,1
979,2
981,3
982,1
984,3
986,3
987,3
988,3
990,3
991,3
993,3
994,3
996,3
998,3
999,3
1003,3
1004,3
1005,3
1006,3
1007,1
1008,1
1009,1
1010,1
1011,1
1012,1
1013,1
1014,1
1015,2
1016,1
1017,1
1018,1
1019,1
1020,2
1021,2
1022,1
1023,1
1024,1
1025,1
1027,2
1028,1
1029,1
1030,2
1031,1
1032,1
1033,2
1034,3
1035,1
1036,2
1037,2
1040,3
1041,3
1042,3
1043,3
1046,3
1047,3
1049,3
1050,3
1051,3
1053,3
1054,3
1055,3
1056,3
1057,3
1059,3
1060,3
1061,3
1064,3
1066,1
1068,1
1073,1
1076,1
1077,1
1078,1
1079,2
1080,2
1081,2
1082,1
1083,1
1084,1
1085,1
1086,1
1088,2
1089,2
1090,2
1091,2
1092,2
1093,2
1094,2
1095,2
1096,2
1097,2
1099,1
1100,2
1101,2
1103,1
1104,1
1105,3
1107,2
1111,3
1112,3
1114,3
1116,2
1117,3
1119,2
1120,3
1121,2
1123,3
1124,2
1125,1
1126,2
1127,2
1128,2
1129,2
1130,2
1131,2
1132,2
1135,2
1136,1
1137,3
1140,3
1144,3
1147,3
1148,2
1150,2
1151,2
1156,1
1161,2
1162,1
1163,2
1167,3
1170,2
1171,2
1172,2
1173,2
1175,2
1176,2
1177,2
1178,1
1179,2
1180,2
1183,3
1184,2
1185,2
1186,2
1187,2
1188,2
1189,2
1190,2
1191,2
1192,2
1193,1
1194,2
1196,2
1197,2
1198,2
1199,2
1200,2
1201,1
1202,2
1203,1
1204,1
1206,1
1207,1
1208,2
1209,1
1210,2
1211,2
1212,1
1213,2
1214,2
1215,2
1216,2
1217,2
1218,2
1219,1
1220,2
1221,1
1222,2
1223,2
1224,2
1225,2
1226,1
1227,2
1228,2
1230,2
1231,2
1232,2
1233,2
1234,1
1235,1
1236,2
1237,1
1238,2
1240,2
1241,2
1242,2
1243,2
1244,2
1245,2
1246,2
1247,1
1248,1
1249,2
1250,1
1251,1
1252,1
1253,1
1254,1
1255,2
1256,1
1257,2
1258,2
1259,2
1260,1
1261,2
1262,1
1263,2
1264,2
1265,2
1266,2
1267,1
1268,2
1269,1
1270,2
1271,2
1272,1
1273,2
1274,2
1275,2
1276,1
1277,2
1278,1
1279,2
1280,2
1281,1
1282,1
1283,1
1284,1
1285,2
1286,2
1287,1
1288,2
1289,2
1290,2
1291,2
1292,2
1293,2
1295,2
1296,2
1297,2
1298,2
1299,2
1300,2
1301,1
1302,2
1303,1
1304,1
1305,2
1306,2
1307,2
1310,3
1312,3
1318,2
1320,2
1321,2
1322,2
1323,2
1324,3
1325,2
1326,2
1327,2
1328,2
1329,1
1330,2
1331,2
1332,2
1333,1
1334,1
1335,2
1336,2
1337,1
1339,2
1340,1
1341,2
1342,2
1343,2
1344,1
1345,2
1346,2
1347,2
1348,1
1349,2
1350,2
1351,3
1352,3
1353,3
1354,3
1355,3
1356,3
1357,3
1358,3
1359,3
1361,3
1363,3
1365,3
1366,3
1367,3
1370,2
1371,2
1372,2
1373,2
1374,2
1375,2
1376,2
1377,2
1378,2
1379,2
1380,2
1381,2
1382,2
1385,2
1387,1
1388,2
1389,2
1390,3
1391,3
1392,3
1393,3
1394,2
1395,2
1396,2
1397,3
1398,3
1399,3
1401,3
1405,3
1406,2
1407,3
1408,2
1409,3
1411,3
1412,3
1413,3
1414,3
1415,3
1416,3
1417,3
1419,1
1422,3
1423,3
1425,3
1426,3
1427,3
1428,2
1429,3
1430,3
1431,3
1432,3
1437,2
1438,3
1439,3
1440,2
1441,2
1442,3
1445,3
1446,3
1447,3
1449,3
1453,3
1454,3
1456,3
1457,3
1458,3
1459,3
1460,3
1461,3
1464,3
1465,3
1466,3
1468,3
1473,3
1474,3
1475,3
1476,3
1477,3
1479,3
1480,3
1483,3
1484,3
1485,3
1487,3
1488,3
1489,3
1490,3
1493,3
1495,3
1496,3
1497,3
1498,3
1499,3
1500,3
1502,3
1503,3
1507,3
1513,3
1514,3
1515,3
1516,3
1517,3
1518,3
1519,3
1526,3
1527,3
1529,3
1533,3
1537,3
1541,3
1542,3
1544,3
1545,3
1546,3
1547,3
1549,2
1550,3
1551,3
1552,3
1554,3
1556,3
1562,3
1564,3
1565,3
1566,3
1569,3
1571,3
1572,1
1573,3
1574,3
1580,3
1581,3
1582,3
1583,3
1584,3
1585,3
1586,3
1587,2
1588,3
1589,3
1590,3
1591,3
1592,3
1593,3
1594,3
1596,3
1597,3
1598,3
1599,3
1600,3
1601,3
1602,3
1603,3
1604,3
1605,3
1606,3
1608,3
1609,3
1610,2
1611,2
1612,3
1613,3
1614,3
1615,3
1616,3
1617,3
1619,3
1620,3
1621,3
1623,3
1624,3
1625,3
1626,3
1627,3
1629,3
1631,3
1633,3
1635,3
1639,3
1641,3
1642,3
1643,3
1644,3
1645,3
1646,3
1647,3
1648,3
1649,3
1650,3
1652,3
1653,3
1654,3
1655,3
1656,3
1658,3
1659,3
1660,3
1661,3
1662,3
1663,2
1665,3
1667,3
1670,3
1671,3
1672,3
1673,3
1674,2
1675,3
1676,3
1677,3
1678,2
1679,3
1680,3
1681,3
1682,3
1683,3
1684,3
1685,3
1686,3
1687,3
1688,3
1689,3
1690,3
1693,3
1694,3
1695,3
1696,3
1699,3
1701,3
1702,3
1703,3
1704,3
1707,3
1711,3
1713,3
1717,3
1718,3
1719,3
1721,3
1722,3
1726,3
1727,3
1729,3
1730,3
1731,3
1732,3
1733,3
1734,3
1735,3
1739,3
1746,3
1747,3
1748,3
1752,3
1753,3
1754,3
1755,3
1757,2
1759,3
1760,3
1762,3
1767,3
1769,3
1770,3
1771,3
1772,3
1777,3
1779,3
1783,3
1784,3
1785,2
1791,3
1792,3
1793,3
1794,3
1797,3
1798,3
1799,3
1801,3
1804,3
1805,3
1806,3
1807,3
1809,3
1810,3
1812,3
1816,3
1821,3
1824,3
1825,3
1826,3
1827,3
1829,3
1831,3
1833,3
1834,3
1835,3
1836,3
1837,3
1839,3
1840,3
1841,3
1844,3
1845,3
1848,3
1855,3
1856,3
1857,3
1858,3
1859,3
1860,3
1862,3
1863,3
1866,3
1867,3
1870,3
1873,3
1875,3
1876,3
1881,3
1882,3
1883,3
1884,3
1885,3
1887,3
1888,3
1889,3
1891,3
1892,3
1893,3
1894,3
1895,3
1897,3
1900,3
1902,3
1904,3
1906,3
1907,3
1909,3
1910,3
1911,3
1912,3
1913,1
1914,3
1916,3
1917,3
1918,3
1919,3
1920,3
1921,3
1922,3
1923,3
1924,1
1926,1
1927,1
1928,1
1929,1
1931,1
1932,1
1933,1
1934,1
1936,1
1937,1
1938,1
1939,1
1940,1
1941,1
1942,1
1944,1
1945,1
1946,1
1947,1
1948,1
1949,1
1950,1
1951,1
1952,1
1953,1
1954,2
1955,2
1956,2
1957,2
1958,2
1959,2
1960,2
1961,2
1962,2
1963,1
1964,1
1965,2
1966,2
1967,2
1968,2
1969,2
1970,2
1971,2
1972,2
1973,2
1974,2
1975,2
1976,2
1977,2
1978,2
1979,2
1980,2
1981,2
1982,2
1983,2
1984,2
1985,2
1986,2
1987,2
1990,2
1991,2
1992,2
1993,2
1994,2
1995,2
1996,2
1997,1
1998,2
1999,2
2000,2
2001,2
2002,2
2003,2
2004,2
2005,2
2006,3
2007,3
2008,3
2009,1
2010,1
2011,2
2012,2
2013,1
2014,2
2015,1
2016,2
2017,1
2018,1
2019,1
2020,2
2021,2
2022,2
2023,2
2024,2
2025,3
2026,3
2027,3
2028,3
2032,1
2033,2
2034,2
2035,1
2036,2
2037,2
2038,2
2040,1
2041,2
2042,2
2043,1
2044,2
2046,2
2048,2
2050,2
2051,2
2052,2
2053,2
2054,2
2055,2
2056,1
2057,1
2058,3
2059,3
2060,3
2064,2
2065,2
2066,1
2067,1
2068,2
2069,2
2070,2
2071,2
2072,2
2073,2
2074,1
2075,2
2076,2
2077,2
2078,1
2080,1
2081,2
2082,2
2083,2
2084,2
2085,1
2087,1
2088,2
2089,2
2090,2
2091,2
2092,2
2093,2
2094,2
2095,2
2096,1
2097,2
2098,1
2099,1
2100,2
2102,1
2103,2
2104,2
2105,2
2106,2
2107,3
2108,2
2109,2
2110,2
2111,2
2112,2
2114,2
2115,2
2116,2
2117,2
2118,2
2119,2
2120,2
2121,2
2122,2
2123,2
2124,2
2125,3
2126,3
2130,2
2131,2
2132,1
2133,2
2134,2
2135,1
2136,1
2137,1
2138,2
2139,2
2140,2
2141,2
2142,2
2143,2
2144,2
2145,2
2146,2
2147,2
2148,2
2149,2
2150,2
2151,2
2152,3
2153,3
2154,3
2155,3
2156,3
2159,2
2160,1
2161,2
2162,2
2163,2
2164,2
2165,3
2166,3
2167,3
2169,3
2170,3
2171,3
2172,3
2174,2
2175,3
2176,1
2177,2
2178,1
2179,1
2180,1
2181,1
2182,1
2183,1
2184,1
2185,1
2186,1
2187,1
2188,3
2190,3
2193,2
2194,2
2195,3
2196,3
2201,1
2202,1
2203,1
2204,1
2205,1
2206,1
2207,1
2208,1
2210,1
2211,1
2212,1
2226,1
2227,1
2231,3
2232,3
2236,3
2239,1
2240,2
2241,2
2243,2
2244,2
2245,2
2247,2
2248,2
2249,2
2252,2
2253,2
2255,2
2256,2
2257,2
2259,2
2260,2
2261,2
2262,2
2263,2
2264,2
2265,2
2266,2
2267,2
2268,2
2269,2
2271,3
2272,3
2273,3
2275,3
2278,3
2279,3
2280,3
2281,3
2282,3
2283,2
2286,2
2287,1
2288,2
2289,2
2290,2
2291,2
2292,3
2294,3
2295,3
2296,3
2297,3
2298,3
2300,1
2301,2
2302,2
2303,1
2304,3
2306,3
2307,3
2310,3
2311,2
2312,2
2313,2
2314,3
2315,3
2316,3
2318,3
2320,3
2321,3
2322,3
2323,3
2324,3
2325,3
2327,2
2328,3
2329,3
2330,3
2331,3
2332,3
2333,3
2334,3
2335,3
2336,3
2337,3
2338,3
2339,3
2340,3
2342,3
2344,2
2346,1
2347,2
2348,2
2349,2
2350,2
2351,1
2352,2
2353,3
2354,3
2355,3
2356,3
2357,3
2358,3
2359,3
2360,3
2361,1
2362,1
2363,1
2364,2
2365,1
2366,1
2367,2
2368,2
2369,2
2370,2
2371,2
2372,2
2373,2
2374,2
2375,2
2376,2
2377,2
2378,2
2379,2
2380,2
2381,2
2382,2
2383,2
2384,3
2385,3
2387,3
2388,3
2389,3
2390,3
2391,3
2392,3
2393,3
2394,3
2395,3
2396,3
2398,1
2399,2
2400,2
2401,2
2402,2
2403,2
2404,2
2405,2
2406,2
2407,2
2408,2
2409,2
2410,2
2411,2
2412,2
2413,2
2414,2
2415,2
2416,2
2417,2
2418,2
2419,2
2420,2
2421,2
2422,2
2423,2
2424,3
2425,3
2427,3
2428,3
2429,3
2430,1
2431,3
2432,3
2433,3
2435,3
2436,3
2439,3
2442,3
2443,3
2445,3
2446,3
2447,3
2448,3
2450,2
2451,2
2453,2
2454,1
2455,2
2456,2
2457,2
2458,2
2459,1
2460,2
2462,2
2463,2
2465,2
2467,2
2468,2
2469,2
2470,2
2471,2
2472,2
2473,2
2474,2
2475,2
2476,2
2477,2
2478,2
2481,3
2482,3
2483,2
2485,3
2488,1
2490,3
2491,3
2492,3
2493,3
2494,3
2495,1
2496,3
2497,3
2498,3
2500,3
2501,3
2502,3
2503,3
2504,3
2505,3
2506,3
2511,1
2512,2
2513,2
2514,2
2515,2
2516,2
2517,2
2518,2
2520,1
2521,1
2522,2
2523,2
2524,1
2525,2
2526,2
2527,1
2528,2
2529,1
2530,1
2531,1
2532,1
2533,1
2534,2
2535,1
2537,2
2538,3
2539,3
2540,3
2541,3
2542,3
2544,3
2546,3
2548,3
2549,3
2550,1
2551,2
2552,2
2553,1
2554,1
2555,3
2557,3
2558,3
2559,3
2560,3
2561,3
2563,3
2565,1
2566,3
2567,3
2568,3
2570,3
2571,3
2572,3
2573,3
2574,3
2575,3
2577,3
2579,3
2580,3
2581,3
2582,2
2583,3
2585,3
2586,3
2587,3
2589,3
2590,3
2593,2
2594,3
2596,3
2597,3
2598,3
2599,3
2600,3
2605,3
2606,3
2607,3
2609,3
2611,3
2612,1
2613,2
2614,2
2615,2
2616,2
2617,3
2618,3
2620,3
2622,3
2623,3
2624,3
2625,3
2628,3
2629,3
2630,3
2632,1
2633,1
2634,1
2639,2
2640,2
2641,2
2642,2
2643,2
2644,1
2648,1
2651,1
2652,1
2654,1
2655,2
2656,1
2657,1
2659,2
2660,1
2661,1
2662,1
2664,1
2665,1
2668,2
2669,1
2670,1
2671,3
2672,3
2674,3
2676,3
2677,3
2681,3
2682,3
2683,3
2686,3
2687,3
2688,3
2690,3
2691,3
2692,3
2693,3
2694,3
2695,3
2696,3
2697,3
2698,3
2699,2
2700,3
2701,3
2702,3
2706,3
2707,3
2708,3
2709,3
2710,3
2712,3
2713,3
2716,2
2717,2
2718,3
2719,3
2720,3
2722,3
2723,3
2724,3
2725,3
2726,1
2727,1
2728,1
2729,1
2730,1
2731,1
2732,1
2733,2
2734,2
2735,2
2736,2
2737,2
2738,2
2739,2
2740,2
2741,2
2742,2
2743,2
2744,2
2745,2
2746,2
2747,1
2748,2
2749,2
2750,2
2751,2
2752,2
2754,2
2757,2
2759,3
2761,3
2762,3
2763,3
2764,1
2765,3
2766,3
2769,3
2770,3
2771,3
2772,3
2774,3
2775,3
2779,2
2782,1
2784,1
2786,2
2787,2
2788,1
2789,2
2790,2
2791,2
2792,2
2793,3
2794,2
2795,2
2796,2
2797,2
2798,2
2799,2
2800,2
2801,3
2802,2
2803,2
2804,2
2805,3
2806,3
2807,3
2808,2
2810,3
2812,3
2813,3
2815,2
2816,2
2817,2
2818,2
2819,1
2820,1
2822,2
2824,3
2826,3
2827,3
2828,3
2829,3
2835,3
2836,3
2837,3
2839,3
2840,3
2841,3
2843,3
2844,3
2846,2
2847,1
2848,1
2851,2
2852,2
2856,1
2857,1
2858,3
2859,2
2860,3
2861,3
2862,2
2863,1
2865,3
2866,2
2867,2
2868,2
2870,1
2871,1
2872,2
2874,1
2875,2
2876,2
2877,1
2878,2
2879,2
2880,2
2881,3
2882,3
2883,3
2884,3
2885,3
2886,3
2887,3
2888,3
2889,3
2890,3
2891,3
2892,3
2893,3
2894,3
2896,1
2897,2
2898,2
2899,1
2900,2
2901,2
2902,2
2903,2
2905,1
2906,3
2907,3
2908,3
2912,3
2915,2
2916,2
2917,2
2918,2
2919,2
2921,1
2922,1
2924,2
2925,1
2926,2
2927,1
2928,2
2929,2
2930,3
2931,2
2932,2
2935,1
2936,1
2937,1
2939,1
2940,1
2941,1
2942,2
2943,2
2944,1
2946,1
2947,1
2948,1
2949,1
2950,2
2951,1
2952,3
2953,2
2956,2
2959,3
2961,3
2962,3
2964,3
2965,3
2966,3
2967,1
2968,2
2969,1
2970,2
2971,2
2972,2
2973,2
2974,3
2975,3
2976,3
2977,3
2978,3
2979,3
2982,2
2983,1
2984,1
2985,2
2986,2
2987,2
2988,2
2989,2
2990,2
2991,1
2992,2
2993,1
2995,3
2996,3
2997,3
3000,3
3002,3
3003,3
3004,3
3005,3
3006,3
3007,3
3008,3
3010,3
3011,1
3013,2
3014,2
3015,2
3016,2
3017,2
3018,2
3019,2
3020,2
3021,2
3022,1
3024,2
3028,1
3029,2
3030,1
3031,2
3032,1
3033,2
3034,1
3035,1
3036,2
3037,1
3038,1
3039,2
3040,2
3041,2
3042,2
3043,2
3044,2
3045,2
3046,2
3048,2
3051,3
3052,3
3053,3
3054,3
3055,3
3056,3
3057,3
3060,2
3061,1
3062,1
3063,2
3064,3
3066,1
3067,2
3068,2
3070,2
3071,2
3072,2
3073,1
3074,1
3075,1
3076,1
3077,3
3078,3
3079,3
3081,3
3082,3
3083,3
3086,1
3087,2
3088,1
3089,1
3090,2
3091,2
3093,1
3094,2
3095,1
3096,1
3097,1
3098,2
3099,1
3100,2
3101,2
3102,2
3103,2
3104,2
3105,2
3106,2
3107,2
3108,2
3109,2
3111,2
3112,2
3113,3
3114,3
3115,3
3117,3
3120,2
3125,3
3127,3
3129,3
3130,2
3132,1
3134,1
3135,2
3138,2
3141,2
3142,2
3143,1
3145,3
3146,3
3147,3
3148,3
3150,3
3152,1
3153,1
3155,3
3156,3
3157,3
3158,3
3159,3
3160,3
3161,3
3162,3
3163,3
3165,2
3167,1
3168,1
3169,2
3171,1
3173,3
3174,3
3175,3
3176,3
3177,3
3178,3
3179,3
3181,3
3182,3
3183,3
3185,3
3186,3
3189,3
3190,3
3192,3
3194,1
3196,1
3197,2
3198,1
3200,1
3201,1
3203,2
3204,2
3206,2
3208,2
3210,2
3211,2
3213,2
3214,2
3217,1
3219,2
3221,2
3223,2
3224,1
3225,3
3230,1
3235,2
3238,3
3240,3
3241,3
3243,2
3244,2
3246,2
3247,2
3248,2
3249,2
3250,2
3251,2
3252,2
3253,2
3254,2
3255,2
3256,2
3257,2
3258,2
3259,2
3260,2
3261,2
3262,2
3263,2
3264,2
3265,2
3266,2
3267,2
3268,2
3269,2
3270,2
3271,2
3272,2
3273,3
3274,2
3275,3
3276,3
3280,1
3281,3
3283,1
3284,1
3285,3
3286,3
3287,3
3289,3
3294,2
3295,2
3296,1
3298,3
3299,3
3300,3
3301,3
3302,3
3303,3
3306,1
3307,1
3308,2
3310,1
3313,2
3315,1
3316,3
3317,3
3323,3
3324,3
3325,3
3326,3
3327,3
3328,3
3329,2
3330,1
3331,2
3334,1
3338,2
3341,1
3342,2
3344,1
3345,1
3347,2
3350,1
3353,3
3354,3
3355,3
3357,3
3358,2
3359,2
3360,2
3361,2
3362,1
3363,1
3364,1
3365,1
3368,1
3370,2
3372,1
3374,2
3378,3
3379,1
3384,1
3385,2
3386,2
3387,2
3388,2
3389,2
3390,2
3391,2
3392,2
3393,2
3394,2
3395,2
3396,2
3397,2
3398,2
3400,2
3401,2
3402,2
3403,2
3404,1
3405,1
3406,1
3408,3
3409,3
3410,3
3412,2
3414,1
3415,1
3417,1
3418,2
3420,2
3421,2
3422,2
3423,2
3424,2
3425,2
3426,2
3428,2
3429,2
3430,1
3431,2
3432,2
3433,2
3434,2
3435,1
3436,2
3438,2
3439,2
3440,2
3441,2
3442,2
3444,2
3445,2
3446,2
3447,1
3448,2
3449,2
3450,2
3451,1
3452,3
3453,3
3454,3
3455,3
3456,3
3459,2
3461,1
3462,1
3466,2
3467,1
3468,1
3469,1
3470,1
3471,2
3473,2
3474,3
3475,1
3476,2
3477,2
3478,2
3479,2
3480,2
3481,3
3483,3
3484,3
3489,2
3492,1
3494,1
3496,2
3497,2
3498,2
3499,2
3500,2
3501,2
3502,2
3503,1
3504,2
3505,2
3506,2
3507,1
3508,2
3510,3
3511,3
3512,3
3513,3
3514,3
3515,3
3516,1
3519,2
3521,2
3524,2
3525,2
3526,2
3527,2
3528,2
3529,2
3531,2
3534,3
3535,3
3536,3
3537,3
3538,3
3539,3
3543,2
3544,2
3545,1
3546,1
3548,1
3549,1
3550,2
3551,2
3552,2
3553,3
3554,3
3555,3
3556,3
3557,2
3559,1
3563,3
3564,3
3565,3
3566,3
3567,3
3568,3
3569,3
3571,3
3572,2
3573,2
3574,3
3576,2
3577,2
3578,3
3580,3
3581,3
3584,2
3586,2
3587,2
3590,1
3591,2
3592,2
3593,3
3594,3
3596,3
3597,3
3598,3
3599,1
3604,1
3606,1
3608,2
3609,3
3614,2
3615,3
3616,3
3617,3
3618,3
3619,2
3622,1
3623,3
3624,3
3625,3
3626,3
3627,1
3628,1
3629,1
3632,1
3633,1
3634,1
3635,2
3637,2
3638,2
3639,1
3640,1
3641,1
3643,1
3646,3
3648,1
3649,2
3652,2
3653,1
3654,1
3655,1
3658,1
3660,2
3661,2
3662,2
3663,2
3664,2
3667,2
3668,1
3669,2
3671,1
3672,1
3673,2
3674,2
3675,1
3676,2
3677,2
3678,1
3679,2
3680,2
3681,1
3682,1
3683,2
3684,2
3685,2
3686,2
3687,2
3688,2
3689,2
3690,2
3691,2
3692,2
3693,2
3694,2
3695,2
3696,2
3697,2
3698,2
3699,2
3700,2
3701,2
3702,2
3703,2
3704,2
3705,2
3706,2
3707,2
3708,2
3709,2
3710,2
3711,2
3712,2
3713,2
3714,2
3715,2
3716,2
3717,3
3719,3
3720,3
3723,2
3724,2
3725,2
3726,2
3727,2
3728,2
3729,1
3730,1
3731,2
3732,2
3733,1
3735,1
3736,1
3737,1
3738,1
3739,1
3740,2
3741,1
3742,1
3743,3
3744,3
3745,3
3746,3
3747,3
3751,3
3752,3
3753,3
3754,3
3755,3
3756,3
3758,2
3760,2
3761,2
3763,2
3764,2
3765,2
3766,2
3767,2
3768,2
3769,1
3770,2
3771,1
3773,2
3774,2
3783,3
3784,3
3785,3
3786,3
3787,3
3788,1
3789,1
3790,3
3791,2
3792,1
3793,3
3794,3
3795,3
3797,3
3798,3
3799,3
3801,1
3802,2
3806,1
3807,2
3808,1
3809,2
3810,2
3811,2
3812,1
3813,2
3814,1
3816,2
3819,2
3821,3
3822,3
3823,3
3824,3
3825,3
3826,3
3827,3
3830,3
3831,3
3832,1
3833,1
3834,2
3835,2
3836,1
3837,2
3838,2
3839,3
3840,2
3841,2
3843,2
3844,2
3845,1
3846,2
3847,1
3849,1
3851,3
3852,3
3855,3
3857,3
3858,3
3859,3
3861,3
3862,3
3863,3
3864,3
3865,3
3868,2
3869,2
3870,1
3871,1
3872,1
3873,1
3877,2
3879,3
3882,3
3884,3
3888,3
3889,3
3893,3
3894,3
3895,3
3896,3
3897,3
3898,3
3899,3
3900,3
3901,3
3906,3
3908,3
3909,3
3910,3
3911,3
3912,3
3914,3
3915,3
3916,3
3917,2
3918,2
3919,2
3920,2
3922,1
3925,2
3926,1
3927,1
3928,1
3929,1
3930,1
3932,1
3933,1
3937,2
3938,2
3939,2
3940,2
3941,2
3942,2
3943,3
3945,3
3946,3
3947,1
3948,3
3949,3
3950,3
3951,3
3952,3
3953,3
3955,3
3957,1
3958,2
3959,1
3962,2
3963,1
3964,1
3965,1
3966,1
3967,3
3968,3
3969,3
3971,2
3972,2
3973,3
3974,3
3977,3
3978,3
3979,3
3980,3
3981,3
3983,3
3984,1
3985,2
3986,3
3987,3
3988,3
3989,3
3990,3
3991,3
3992,3
3993,3
3994,3
3996,3
3997,3
3998,3
3999,3
4000,2
4002,2
4003,2
4005,2
4006,2
4007,2
4008,2
4009,2
4010,2
4011,3
4012,2
4014,3
4015,3
4016,3
4017,3
4018,3
4019,3
4020,3
4021,3
4022,3
4023,3
4024,3
4025,3
4027,3
4029,3
4030,3
4031,3
4032,3
4033,3
4034,3
4035,3
4036,3
4037,2
4039,2
4040,2
4041,2
4042,1
4043,2
4046,1
4047,2
4051,1
4052,3
4053,3
4054,3
4055,3
4056,3
4061,2
4062,2
4063,2
4064,1
4065,1
4066,2
4067,2
4068,3
4069,3
4074,3
4077,3
4078,2
4079,2
4080,2
4081,2
4082,2
4083,2
4084,2
4085,2
4086,2
4089,2
4090,2
4091,2
4092,2
4093,2
4102,2
4103,2
4104,2
4105,2
4109,2
4110,2
4111,2
4113,2
4115,2
4116,2
4117,2
4121,2
4123,2
4124,2
4125,2
4126,2
4127,2
4128,2
4129,2
4130,2
4131,2
4132,2
4133,2
4135,2
4138,2
4139,2
4141,3
4142,3
4143,3
4144,3
4146,3
4147,3
4148,3
4149,3
4152,3
4153,3
4154,3
4155,3
4156,3
4157,3
4158,3
4159,3
4160,3
4161,3
4164,3
4166,3
4167,3
4168,3
4171,3
4174,2
4175,3
4178,1
4180,2
4181,2
4184,1
4187,1
4189,1
4190,1
4191,1
4193,2
4194,1
4195,1
4197,2
4198,2
4200,2
4202,1
4203,2
4204,2
4205,2
4207,2
4210,2
4211,2
4212,2
4214,2
4215,2
4217,3
4218,2
4219,2
4220,1
4221,2
4223,3
4224,3
4225,3
4226,3
4228,3
4229,3
4231,3
4232,3
4233,3
4234,3
4235,3
4236,3
4237,3
4238,3
4239,3
4240,3
4241,3
4242,3
4243,3
4246,3
4247,3
4248,3
4251,3
4252,3
4254,3
4255,3
4256,3
4259,3
4260,3
4262,2
4263,1
4265,3
4267,3
4268,3
4270,3
4273,3
4275,2
4276,2
4278,1
4280,2
4282,1
4284,1
4285,2
4289,2
4290,2
4291,2
4292,2
4293,2
4294,1
4296,1
4297,2
4298,1
4299,3
4300,3
4304,3
4305,3
4306,3
4307,3
4308,3
4310,3
4312,3
4313,3
4316,2
4317,2
4321,2
4322,2
4323,1
4325,1
4326,2
4327,1
4329,1
4333,2
4334,3
4337,1
4338,1
4339,1
4340,3
4342,3
4343,3
4344,3
4345,3
4347,3
4349,1
4350,3
4351,2
4353,2
4354,2
4355,2
4356,1
4357,1
4359,1
4361,2
4366,3
4367,3
4368,3
4369,3
4370,3
4371,3
4372,3
4373,3
4374,3
4378,3
4380,3
4381,3
4383,3
4384,3
4386,3
4387,3
4388,3
4389,3
4390,3
4392,2
4393,2
4394,1
4395,1
4396,2
4397,2
4399,1
4402,1
4403,1
4404,1
4406,1
4407,2
4408,2
4409,2
4410,2
4412,1
4419,1
4420,1
4422,1
4424,1
4426,1
4427,1
4428,1
4429,1
4432,1
4433,1
4434,1
4436,2
4437,2
4438,1
4439,2
4440,1
4441,2
4442,2
4443,2
4444,1
4445,3
4446,3
4447,3
4448,3
4449,3
4450,3
4451,3
4452,3
4453,3
4454,3
4458,2
4459,3
4462,2
4463,2
4464,2
4465,2
4466,2
4467,2
4470,2
4471,2
4473,2
4474,2
4475,2
4476,2
4477,2
4478,2
4480,2
4482,2
4483,2
4484,2
4487,2
4488,2
4489,2
4490,2
4492,2
4495,2
4496,2
4497,2
4498,2
4499,2
4500,2
4502,2
4504,2
4505,2
4506,2
4508,2
4509,2
4511,2
4516,2
4517,2
4518,2
4519,2
4520,2
4521,2
4522,2
4523,2
4524,2
4526,2
4527,2
4529,2
4531,2
4533,2
4534,2
4535,2
4537,2
4541,2
4544,2
4545,2
4546,2
4552,2
4553,2
4557,2
4558,2
4562,2
4563,2
4564,2
4565,2
4568,2
4571,2
4572,2
4573,2
4574,2
4577,2
4578,2
4580,2
4581,2
4583,2
4584,2
4585,2
4587,2
4589,2
4591,2
4593,2
4594,2
4595,2
4597,2
4599,2
4600,2
4602,2
4603,2
4605,2
4608,2
4610,2
4611,2
4612,2
4613,2
4614,2
4615,2
4616,2
4617,2
4619,2
4621,2
4622,2
4623,2
4624,2
4625,2
4626,2
4628,2
4629,2
4630,2
4632,2
4634,2
4635,2
4636,2
4638,3
4639,3
4640,3
4641,3
4642,3
4643,3
4644,3
4645,3
4646,3
4649,3
4653,2
4654,2
4658,2
4660,2
4661,2
4662,2
4663,2
4666,2
4670,2
4671,2
4672,2
4673,2
4675,2
4676,2
4677,2
4678,2
4679,2
4681,2
4683,2
4686,2
4687,1
4688,2
4689,1
4690,2
4695,2
4697,2
4699,3
4700,3
4701,3
4703,2
4704,1
4705,2
4708,1
4709,1
4710,2
4711,2
4713,2
4714,2
4715,2
4717,2
4718,3
4719,3
4720,3
4721,3
4722,3
4723,3
4725,3
4727,3
4728,3
4732,3
4733,3
4734,3
4735,3
4736,3
4738,3
4740,3
4741,3
4743,3
4744,3
4745,3
4748,2
4749,2
4750,2
4754,1
4756,3
4757,3
4759,3
4765,3
4766,3
4769,3
4770,3
4771,3
4772,3
4773,3
4774,3
4775,3
4776,3
4777,3
4780,3
4782,3
4783,3
4784,2
4785,1
4786,1
4787,2
4788,2
4789,1
4792,1
4794,2
4795,1
4796,1
4798,1
4799,1
4800,1
4801,1
4802,1
4803,1
4804,1
4808,2
4809,2
4810,2
4811,2
4812,2
4813,1
4814,3
4815,3
4816,3
4818,3
4821,3
4822,3
4823,3
4825,3
4826,2
4827,2
4828,2
4830,2
4831,2
4833,2
4835,2
4836,2
4840,2
4844,3
4845,3
4846,2
4847,3
4848,3
4849,3
4850,3
4852,3
4855,1
4857,1
4860,2
4862,2
4863,1
4864,2
4865,3
4866,3
4867,3
4871,3
4873,3
4874,3
4876,3
4877,3
4878,3
4879,3
4880,3
4881,3
4883,3
4885,3
4886,3
4887,3
4888,3
4889,3
4890,3
4893,2
4896,3
4898,3
4899,3
4900,3
4901,3
4902,3
4903,3
4909,2
4911,2
4912,1
4914,1
4915,2
4916,2
4917,2
4919,2
4920,1
4921,1
4925,2
4926,3
4927,2
4928,2
4929,2
4932,2
4936,2
4939,2
4941,2
4942,1
4945,2
4946,2
4947,2
4951,2
4952,2
4953,2
4954,1
4956,2
4957,2
4958,3
4959,3
4961,3
4962,3
4963,3
4964,3
4965,3
4966,1
4967,3
4969,1
4970,1
4971,2
4973,3
4974,3
4975,3
4976,3
4977,3
4978,3
4979,3
4980,2
4981,2
4985,2
4987,2
4988,2
4989,3
4990,3
4991,3
4992,3
4993,3
4994,3
4995,3
4998,1
5004,1
5007,1
5008,1
5009,3
5010,3
5011,3
5012,2
5013,3
5014,3
5015,3
5016,3
5021,2
5023,2
5025,3
5026,3
5027,2
5028,3
5033,2
5034,2
5039,2
5040,2
5041,2
5046,3
5047,3
5048,3
5049,2
5051,3
5053,2
5054,2
5055,2
5059,3
5060,1
5062,1
5063,1
5064,3
5065,3
5066,3
5068,3
5069,3
5071,3
5072,3
5073,3
5074,3
5075,3
5076,2
5077,2
5080,3
5081,3
5083,3
5088,1
5092,3
5093,3
5094,3
5095,3
5096,2
5099,1
5102,2
5103,2
5105,1
5106,3
5107,3
5108,3
5109,3
5110,3
5111,2
5112,3
5113,1
5114,1
5116,1
5120,1
5121,2
5127,3
5128,3
5131,3
5134,3
5135,3
5136,3
5137,3
5139,2
5146,3
5147,1
5151,3
5152,3
5155,1
5156,1
5159,2
5165,2
5168,1
5170,3
5171,3
5177,1
5178,2
5181,2
5187,2
5189,2
5197,2
5198,2
5202,2
5205,2
5209,2
5212,2
5213,2
5214,2
5218,3
5219,3
5220,3
5221,3
5222,3
5224,3
5225,3
5226,2
5231,1
5237,2
5238,2
5239,2
5240,2
5241,2
5244,2
5246,2
5247,2
5248,2
5250,2
5254,3
5255,3
5256,3
5258,3
5264,3
5265,3
5266,3
5267,3
5268,3
5269,3
5272,3
5275,1
5278,2
5279,2
5282,3
5283,3
5284,3
5285,3
5288,2
5291,1
5292,2
5293,3
5294,3
5296,3
5297,3
5298,3
5299,3
5300,1
5303,2
5304,1
5307,2
5308,2
5309,2
5311,2
5312,3
5313,3
5316,3
5319,3
5321,3
5322,3
5323,3
5324,3
5325,3
5328,3
5329,3
5333,1
5334,2
5337,2
5338,2
5339,2
5341,1
5345,2
5346,2
5347,3
5348,3
5349,3
5353,1
5356,1
5357,2
5358,2
5361,2
5363,3
5364,3
5365,3
5372,1
5373,1
5375,1
5377,3
5378,3
5379,3
5380,3
5382,2
5384,1
5385,2
5387,3
5388,3
5389,3
5390,3
5391,3
5397,1
5398,1
5400,3
5401,3
5404,2
5409,2
5410,1
5414,3
5415,3
5416,3
5417,3
5418,3
5419,3
5420,3
5421,3
5422,3
5423,3
5424,3
5425,3
5427,2
5428,2
5433,2
5434,1
5435,1
5437,2
5438,2
5440,1
5442,2
5443,3
5444,3
5445,3
5446,3
5447,3
5448,3
5449,3
5450,3
5451,3
5452,2
5454,2
5455,2
5456,2
5458,3
5459,3
5460,3
5461,3
5462,3
5463,3
5464,3
5465,3
5466,3
5468,1
5470,1
5471,2
5472,1
5475,1
5476,3
5477,3
5478,3
5479,3
5480,3
5481,3
5483,3
5485,3
5486,3
5489,2
5490,2
5493,1
5497,1
5498,1
5499,2
5500,2
5501,3
5502,3
5503,3
5504,3
5505,3
5506,3
5507,3
5508,3
5512,3
5513,3
5515,3
5521,2
5522,1
5523,3
5524,3
5525,3
5527,3
5528,3
5529,3
5530,3
5531,3
5532,3
5537,3
5538,2
5539,2
5540,2
5541,2
5543,2
5544,2
5548,2
5550,1
5553,2
5556,3
5560,1
5562,3
5563,3
5564,3
5568,2
5569,1
5570,3
5572,3
5573,3
5574,3
5575,3
5577,3
5580,2
5581,2
5582,2
5584,2
5585,2
5588,2
5589,2
5590,1
5591,2
5596,2
5597,2
5601,1
5602,1
5603,1
5604,1
5607,3
5608,3
5609,3
5610,3
5611,3
5612,3
5613,3
5614,3
5615,3
5617,3
5618,3
5619,3
5620,3
5621,3
5625,3
5628,3
5629,3
5630,3
5632,3
5633,3
5635,3
5636,3
5637,2
5638,1
5640,1
5643,2
5644,1
5646,2
5649,1
5650,2
5651,1
5657,2
5663,3
5664,3
5665,3
5666,3
5667,3
5668,3
5669,3
5670,3
5672,3
5673,3
5675,3
5678,3
5679,3
5680,3
5682,3
5684,3
5685,3
5688,3
5689,2
5690,2
5693,2
5694,2
5696,2
5699,2
5700,2
5704,2
5706,2
5707,2
5710,2
5712,2
5720,2
5721,2
5723,2
5733,2
5735,2
5736,2
5741,2
5742,2
5745,2
5746,2
5747,2
5749,2
5752,2
5755,2
5764,2
5767,2
5768,2
5771,2
5772,2
5773,2
5779,2
5780,2
5782,2
5784,3
5785,3
5786,3
5787,3
5788,3
5791,3
5792,3
5796,1
5797,2
5799,1
5801,1
5802,1
5803,3
5804,3
5809,3
5810,3
5812,3
5816,3
5817,3
5818,3
5820,3
5826,1
5828,3
5829,3
5833,3
5836,1
5838,2
5839,2
5840,2
5841,2
5843,2
5847,2
5849,2
5853,2
5856,2
5863,2
5867,2
5872,3
5873,3
5874,3
5875,3
5876,3
5878,3
5879,3
5880,3
5881,3
5882,3
5883,3
5884,2
5888,3
5889,2
5890,3
5891,2
5893,2
5896,3
5899,1
5900,3
5901,3
5902,3
5903,3
5909,3
5912,2
5915,2
5919,2
5922,2
5925,2
5927,2
5929,2
5932,2
5938,2
5941,3
5942,3
5943,3
5944,3
5945,3
5947,3
5949,3
5951,3
5952,3
5953,3
5954,3
5955,3
5956,3
5957,3
5959,3
5961,2
5962,2
5963,1
5965,2
5968,2
5969,2
5970,2
5971,2
5974,1
5975,1
5979,1
5980,1
5984,1
5986,1
5988,2
5989,3
5990,3
5991,3
5992,3
5993,3
5994,3
5995,3
5999,3
6001,2
6002,3
6003,3
6005,3
6006,3
6009,3
6012,3
6013,3
6014,3
6016,3
6020,1
6021,2
6022,2
6023,1
6025,2
6027,2
6030,1
6031,1
6033,2
6035,1
6036,2
6039,2
6040,3
6041,3
6042,3
6044,2
6049,2
6051,1
6055,2
6057,3
6058,3
6059,3
6060,3
6062,3
6063,3
6064,1
6067,3
6070,2
6078,2
6086,2
6090,2
6093,2
6095,2
6100,2
6101,2
6104,2
6107,2
6111,2
6116,2
6119,2
6122,2
6123,2
6124,2
6125,2
6140,2
6141,2
6143,2
6145,2
6148,2
6153,2
6155,3
6156,3
6157,3
6158,3
6159,3
6162,3
6163,3
6166,2
6169,2
6170,2
6178,1
6181,1
6182,1
6183,1
6184,2
6185,3
6186,3
6187,3
6188,3
6192,3
6193,3
6195,3
6196,3
6197,3
6201,2
6202,3
6203,2
6204,2
6210,3
6212,3
6213,3
6214,3
6215,3
6216,3
6217,3
6218,3
6219,3
6220,3
6222,3
6223,3
6225,1
6228,1
6232,1
6234,2
6235,2
6237,1
6238,2
6239,1
6241,2
6242,3
6244,2
6245,1
6246,2
6249,3
6250,3
6251,3
6252,3
6254,1
6263,3
6264,3
6265,3
6266,3
6267,3
6268,3
6269,3
6270,2
6271,1
6273,1
6279,3
6280,3
6281,3
6283,3
6285,3
6286,3
6287,3
6288,3
6289,3
6290,3
6291,3
6294,3
6295,3
6296,3
6297,3
6298,3
6299,3
6300,3
6301,1
6302,1
6303,1
6305,1
6306,3
6308,2
6310,2
6313,2
6314,2
6315,2
6316,2
6319,2
6320,2
6322,3
6323,3
6324,3
6327,3
6329,3
6330,3
6331,3
6332,3
6333,3
6334,3
6335,3
6336,3
6337,3
6338,3
6339,3
6341,3
6342,3
6344,3
6345,2
6347,2
6348,2
6349,2
6350,2
6357,1
6358,1
6365,3
6367,3
6368,3
6370,3
6371,3
6373,3
6374,3
6375,3
6376,3
6377,3
6378,3
6379,3
6380,3
6382,3
6383,3
6385,3
6386,1
6387,2
6390,1
6395,1
6400,3
6402,3
6405,1
6407,1
6408,1
6410,2
6412,1
6415,2
6417,2
6422,1
6424,2
6425,3
6427,1
6428,1
6429,1
6433,1
6434,1
6436,2
6440,2
6442,2
6448,1
6449,1
6452,1
6453,1
6454,2
6460,1
6461,1
6464,3
6465,2
6466,2
6476,2
6477,1
6480,1
6482,3
6483,3
6484,3
6493,3
6502,3
6503,3
6506,3
6509,1
6510,2
6514,1
6515,1
6516,1
6517,2
6523,2
6527,1
6528,1
6530,2
6533,1
6534,3
6535,3
6536,3
6537,3
6538,3
6539,3
6541,3
6542,3
6545,3
6547,3
6548,3
6549,3
6550,3
6551,3
6552,3
6553,3
6554,3
6557,2
6558,2
6559,2
6560,2
6561,1
6563,3
6564,3
6565,3
6566,3
6567,3
6568,3
6571,3
6572,3
6573,1
6574,2
6577,2
6578,1
6579,1
6581,1
6582,2
6583,2
6584,1
6586,3
6587,3
6588,3
6591,3
6592,3
6593,3
6595,3
6596,3
6597,3
6598,3
6603,1
6604,1
6609,1
6611,1
6612,2
6614,2
6615,3
6616,3
6617,3
6618,3
6619,3
6620,3
6624,3
6625,2
6628,2
6629,1
6631,2
6636,2
6638,2
6639,1
6643,1
6644,2
6645,1
6650,1
6654,1
6656,1
6658,2
6659,2
6660,1
6662,1
6663,2
6664,2
6665,2
6666,1
6667,3
6668,3
6669,1
6670,3
6671,2
6678,2
6679,3
6684,1
6686,3
6687,3
6688,3
6689,3
6691,3
6692,3
6695,3
6696,3
6699,3
6702,3
6705,3
6706,3
6707,3
6708,3
6709,3
6710,3
6711,3
6713,3
6715,2
6718,2
6720,2
6721,2
6722,2
6723,2
6724,1
6731,2
6732,1
6734,2
6744,2
6746,2
6748,2
6750,3
6751,3
6752,3
6753,3
6754,3
6755,3
6760,3
6763,3
6764,3
6765,3
6768,3
6769,3
6770,3
6772,3
6773,3
6774,2
6775,3
6776,3
6777,1
6780,2
6782,2
6783,1
6785,1
6786,2
6787,2
6788,2
6789,3
6790,3
6791,2
6793,2
6794,2
6796,2
6797,2
6798,2
6800,2
6803,2
6804,2
6807,2
6808,1
6809,2
6810,2
6811,2
6812,2
6814,2
6816,2
6817,2
6818,2
6820,3
6821,2
6827,2
6832,2
6835,2
6836,1
6837,1
6849,1
6850,2
6851,2
6852,1
6853,2
6856,1
6857,2
6858,1
6860,2
6862,3
6863,3
6867,3
6868,3
6869,3
6870,3
6872,3
6873,3
6874,3
6879,3
6880,3
6881,3
6882,3
6883,3
6884,3
6885,3
6886,3
6887,3
6888,3
6889,3
6890,3
6893,1
6898,3
6899,2
6902,3
6909,3
6911,1
6912,1
6918,1
6920,1
6927,3
6932,3
6934,3
6935,3
6936,3
6938,3
6939,3
6942,3
6944,2
6945,3
6946,3
6947,3
6948,3
6949,3
6950,3
6951,3
6952,3
6953,3
6954,3
6957,3
6958,3
6959,3
6961,2
6962,3
6963,3
6965,3
6966,2
6967,1
6969,2
6970,1
6971,2
6973,2
6974,2
6975,3
6978,2
6979,2
6981,1
6982,1
6983,1
6984,1
6985,1
6986,1
6987,1
6989,2
6990,2
6992,2
6993,2
6994,2
6996,2
6997,2
6998,2
6999,2
7000,2
7001,2
7004,2
7005,2
7007,2
7008,1
7009,2
7010,2
7012,2
7013,1
7015,2
7016,2
7017,2
7018,2
7019,2
7020,2
7022,3
7023,2
7024,2
7025,2
7026,2
7027,2
7028,2
7030,2
7031,2
7032,2
7033,2
7034,3
7036,2
7037,2
7038,3
7040,2
7041,2
7044,2
7045,2
7046,2
7047,2
7048,3
7049,1
7050,1
7051,1
7052,1
7053,1
7054,1
7055,1
7056,1
7057,1
7058,1
7059,1
7060,1
7061,1
7062,1
7063,1
7064,1
7065,1
7067,1
7069,1
7070,1
7071,1
7072,1
7073,1
7074,1
7075,1
7076,1
7078,1
7079,1
7080,1
7082,1
7083,2
7084,1
7085,1
7086,1
7087,2
7088,1
7089,1
7090,3
7091,1
7092,1
7093,1
7096,3
7099,2
7101,2
7102,2
7103,2
7104,2
7107,2
7108,2
7109,3
7114,1
7115,1
7116,1
7117,2
7118,2
7121,1
7122,1
7123,2
7124,3
7125,3
7127,2
7131,1
7132,1
7134,2
7137,3
7139,3
7141,3
7142,3
7143,3
7147,3
7149,3
7150,3
7151,3
7153,3
7154,3
7155,3
7156,3
7158,3
7160,3
7161,3
7162,3
7163,3
7164,3
7165,3
7167,3
7169,4
7171,3
7173,4
7175,4
7176,3
7177,3
7178,1
7179,2
7181,1
7184,1
7190,1
7191,2
7192,2
7193,2
7202,3
7205,1
7206,1
7208,1
7209,1
7211,1
7212,1
7215,1
7216,1
7217,1
7218,1
7219,1
7222,1
7223,1
7225,2
7228,2
7234,1
7235,3
7236,1
7238,1
7243,1
7245,1
7247,1
7248,3
7251,2
7254,4
7255,4
7256,3
7257,4
7258,4
7259,4
7260,3
7261,4
7262,4
7263,4
7264,3
7265,3
7266,3
7282,3
7285,3
7292,2
7293,4
7294,4
7297,3
7299,3
7301,1
7302,1
7303,1
7304,2
7305,2
7306,3
7307,2
7308,2
7310,2
7311,1
7312,1
7315,4
7316,4
7317,4
7318,4
7319,4
7320,4
7321,4
7323,3
7324,4
7325,4
7326,4
7327,1
7328,1
7333,1
7335,1
7336,1
7340,2
7344,1
7345,4
7346,4
7347,4
7348,4
7349,3
7352,3
7354,2
7357,1
7360,4
7361,4
7362,4
7364,3
7366,4
7367,4
7368,4
7369,4
7371,3
7372,3
7373,4
7375,4
7376,4
7377,3
7379,4
7380,4
7381,4
7382,3
7386,1
7387,2
7390,3
7394,1
7395,1
7396,1
7411,2
7414,2
7419,2
7438,4
7439,4
7440,4
7443,3
7444,4
7445,4
7448,4
7449,4
7450,4
7451,4
7454,4
7455,3
7457,4
7458,4
7459,3
7460,3
7477,3
7479,1
7481,2
7482,1
7486,3
7487,2
7492,2
7493,1
7541,3
7560,1
7561,2
7562,3
7564,1
7566,2
7569,1
7570,2
7572,3
7573,2
7579,1
7581,1
7584,1
7587,1
7614,1
7615,2
7616,2
7618,2
7619,1
7620,2
7624,2
7636,2
7646,3
7647,2
7649,3
7650,1
7657,3
7669,2
7698,2
7700,1
7701,2
7702,1
7704,2
7705,1
7706,1
7707,2
7708,1
7713,1
7714,1
7716,2
7720,1
7727,2
7728,1
7730,2
7742,2
7743,2
7745,2
7748,1
7749,1
7753,3
7756,1
7757,1
7762,2
7766,1
7767,3
7772,1
7773,3
7781,2
7782,2
7786,3
7789,3
7792,1
7802,2
7810,3
7811,3
7812,3
7815,2
7820,1
7822,1
7826,1
7831,1
7832,1
7833,1
7834,1
7835,1
7839,1
7840,1
7841,3
7842,3
7843,3
7844,2
7845,3
7846,3
7879,3
7882,1
7883,1
7884,2
7888,1
7889,1
7891,1
7894,1
7895,1
7896,1
7899,1
7900,1
7916,1
7920,2
7924,1
7925,1
7926,1
7930,2
7932,3
7934,2
7936,1
7937,1
7938,1
7939,1
7940,1
7943,1
7944,1
7951,2
7976,3
7979,1
7980,2
7981,3
7982,3
7983,2
7984,2
7986,2
7987,2
7988,3
7991,1
7993,1
8008,1
8010,2
8011,3
8012,3
8014,3
8015,1
8016,1
8019,3
8024,2
8025,3
8033,1
8035,3
8042,1
8043,2
8044,1
8045,2
8057,1
8092,2
8093,3
8094,1
8117,3
8118,2
8119,2
8121,3
8125,1
8126,1
8128,2
8131,3
8132,2
8136,1
8137,1
8138,1
8142,3
8143,1
8147,1
8153,1
8154,1
8157,3
8158,2
8167,1
8169,2
8183,2
8188,1
8189,1
8190,1
8191,1
8195,1
8196,1
8197,1
8199,1
8207,1
8225,2
8228,1
8232,1
8235,1
8236,1
8238,1
8239,1
8241,3
8253,2
8254,2
8261,2
8264,1
8266,2
8268,2
8270,2
8275,1
8290,1
8293,2
8302,1
8327,3
8331,1
8335,1
8336,1
8337,1
8338,1
8340,2
8341,1
8360,4
8361,4
8362,4
8363,4
8364,3
8366,4
8368,4
8369,4
8370,3
8371,4
8372,4
8373,4
8375,4
8376,4
8378,2
8379,2
8380,2
8382,2
8383,3
8385,1
8387,2
8391,2
8402,2
8405,1
8410,1
8424,1
8425,2
8426,2
8427,2
8446,1
8447,1
8450,1
8451,1
8454,3
8456,1
8458,1
8459,1
8461,1
8462,1
8463,1
8464,4
8465,1
8477,1
8481,1
8482,1
8484,1
8487,1
8491,1
8492,1
8493,2
8494,1
8495,3
8500,1
8501,2
8502,1
8506,3
8507,1
8511,1
8512,2
8518,1
8521,1
8526,4
8528,4
8529,4
8530,4
8531,4
8532,4
8533,4
8534,4
8535,4
8542,1
8571,1
8574,2
8575,3
8577,3
8578,3
8580,2
8581,3
8582,2
8587,3
8588,3
8591,2
8593,2
8596,2
8600,1
8601,1
8604,3
8605,3
8607,3
8609,1
8610,2
8611,1
8614,2
8617,1
8620,1
8622,4
8623,2
8626,1
8632,3
8633,2
8636,4
8638,4
8640,4
8641,4
8643,4
8644,4
8645,4
8650,1
8656,2
8665,4
8666,4
8667,4
8670,1
8677,1
8684,1
8685,1
8690,1
8695,1
8711,1
8712,1
8713,2
8714,1
8718,1
8720,2
8724,1
8727,1
8730,3
8738,1
8743,2
8748,1
8753,3
8754,1
8755,3
8765,1
8771,1
8772,1
8773,1
8774,1
8778,1
8781,4
8782,4
8783,4
8784,4
8795,3
8796,1
8798,4
8799,4
8800,3
8804,2
8807,4
8808,4
8809,3
8810,4
8813,4
8814,4
8815,4
8827,2
8830,4
8831,4
8832,3
8833,4
8835,4
8836,4
8838,1
8840,1
8844,2
8848,1
8860,4
8861,4
8864,4
8865,4
8866,4
8869,4
8870,4
8873,4
8874,4
8875,1
8879,1
8880,2
8894,2
8905,2
8906,2
8907,4
8908,4
8910,4
8911,4
8912,4
8914,4
8915,4
8916,4
8917,4
8918,4
8919,4
8920,1
8921,1
8928,1
8933,2
8934,2
8937,4
8938,3
8939,4
8943,4
8946,4
8947,4
8948,4
8949,4
8950,4
8951,4
8952,3
8954,4
8955,4
8957,4
8958,4
8959,4
8961,4
8964,3
8965,4
8966,4
8967,4
8968,4
8969,4
8970,4
8972,4
8973,4
8974,4
8977,4
8978,4
8979,4
8981,4
8982,3
8983,4
8984,4
8985,4
8987,4
8989,1
8998,1
9004,2
9005,2
9008,1
9010,3
9018,4
25746,1
25750,1
25752,1
25753,1
25757,1
25769,1
25771,1
25773,1
25782,1
25788,1
25795,1
25797,1
25805,1
25825,1
25826,1
25827,1
25833,1
25834,1
25841,1
25850,1
25855,1
25856,1
25865,1
25870,1
25886,1
25887,1
25898,1
25905,1
25906,1
25923,1
25927,1
25937,1
25940,1
25946,1
25947,1
25952,1
25959,1
25962,1
25963,1
25996,1
25999,1
26002,1
26003,1
26038,1
26048,1
26052,1
26059,1
26073,1
26078,1
26082,1
26084,1
26085,1
26095,1
26116,1
26122,1
26124,1
26131,1
26133,1
26142,1
26147,1
26150,1
26151,1
26152,1
26158,1
26159,1
26169,1
26171,1
26172,1
26176,1
26183,1
26184,1
26195,1
26198,1
26225,1
26231,1
26236,1
26237,1
26242,1
26249,1
26258,1
26265,1
26283,1
26285,1
26303,1
26308,1
26313,1
26317,1
26322,1
26326,1
26340,2
26344,1
26347,1
26350,1
26357,1
26359,2
26365,2
26366,2
26375,2
26386,2
26391,2
26394,2
26399,2
26401,2
26409,2
26413,2
26422,2
26429,2
26444,2
26453,2
26464,2
26467,2
26471,2
26472,2
26492,2
26498,2
26504,2
26510,2
26523,2
26524,2
26527,2
26528,2
26539,2
26542,2
26547,2
26554,2
26555,2
26562,2
26564,2
26567,2
26578,2
26585,2
26587,2
26590,2
26593,2
26599,2
26603,2
26606,2
26612,2
26614,2
26622,2
26629,2
26630,2
26631,2
26645,2
26649,2
26662,2
26676,2
26680,2
26681,2
26686,2
26693,2
26694,2
26695,2
26696,2
26700,2
26701,2
26704,2
26712,2
26713,2
26717,2
26726,2
26729,2
26732,2
26736,2
26741,2
26743,2
26745,2
26750,2
26761,2
26764,2
26765,2
26776,2
26777,2
26778,2
26782,2
26791,2
26792,2
26796,2
26797,2
26810,2
26812,2
26819,2
26828,2
26838,2
26840,2
26849,2
26854,2
26861,2
26865,2
26870,2
26871,2
26875,2
26887,2
26900,2
26901,2
26903,2
26913,2
26928,3
26940,3
26947,3
26958,3
26965,3
26974,3
26985,3
26999,3
27002,3
27003,3
27006,3
27008,3
27020,3
27022,3
27032,3
27036,3
27074,3
27075,3
27105,3
27124,3
27134,3
27140,3
27155,3
27156,3
27176,2
27178,3
27186,3
27193,3
27246,3
27251,3
27255,3
27266,4
27306,3
27311,3
27317,3
27320,3
27328,3
27329,3
27368,3
27369,3
27370,3
27373,3
27397,3
27408,3
27416,3
27420,3
27426,3
27434,3
27441,3
27450,4
27473,3
27478,3
27480,3
27482,3
27491,3
27513,3
27523,3
27537,3
27539,3
27549,3
27555,3
27563,3
27584,3
27592,3
27595,3
27604,3
27611,3
27618,4
27619,4
27627,3
27644,3
27660,3
27664,3
27667,3
27674,3
27683,4
27685,4
27689,4
27692,3
27695,3
27704,3
27705,3
27706,4
27708,3
27716,3
27721,4
27722,3
27728,4
27731,3
27741,3
27744,3
27746,4
27751,4
27762,4
27768,4
27769,4
27772,3
27773,3
27776,4
27778,4
27784,3
27788,4
27790,4
27793,4
27801,3
27802,3
27803,4
27808,4
27815,4
27816,3
27820,3
27821,4
27822,3
27826,4
27829,4
27830,4
27831,4
27834,3
27837,4
27838,4
27839,4
27846,3
27850,3
27865,3
27866,4
27869,4
27873,4
27878,4
27879,4
27882,4
27899,4
27904,4
27905,4
27912,4
30707,4
30745,3
30749,4
30793,4
30803,4
30810,4
30812,4
30816,4
30818,4
30820,4
30822,4
30825,4
30846,4
30848,4
30850,4
30883,4
30890,4
30892,4
30894,4
30898,4
30994,2
31000,2
31030,1
31038,2
31049,2
31083,2
31086,1
31101,3
31114,4
31116,1
31123,3
31150,2
31162,4
31184,4
31193,2
31221,4
31223,4
31225,4
31260,1
31297,1
31309,1
31364,3
31367,2
31410,4
31420,4
31422,4
31424,4
31427,4
31431,4
31433,4
31435,4
31437,4
31445,4
31522,2
31545,1
31553,2
31590,1
31610,3
31617,1
31658,4
31660,4
31664,3
31685,4
31692,3
31694,4
31696,4
31698,4
31700,4
31702,4
31737,1
31804,4
31851,1
31867,4
31878,4
31903,3
31909,2
31921,2
31923,1
31925,1
31952,3
31973,1
32009,4
32011,4
32017,4
32019,4
32022,4
32029,4
32031,4
32058,2
32060,1
32116,2
32139,1
32160,1
32179,1
32213,4
32234,2
32243,3
32289,4
32291,4
32294,3
32296,4
32298,4
32300,4
32302,4
32314,4
32371,1
32387,1
32392,3
32440,2
32442,2
32456,2
32460,3
32469,1
32511,1
32515,2
32554,2
32582,3
32584,4
32587,4
32589,4
32596,4
32598,4
32600,4
32620,3
32632,1
32649,2
32657,2
32659,3
32666,3
32728,2
32743,3
32770,4
32799,1
32862,1
32875,1
32892,1
32898,1
32906,2
32914,3
32917,1
33004,4
33085,4
33090,3
33124,4
33126,2
33132,4
33138,4
33145,4
33148,4
33154,4
33158,4
33162,4
33164,4
33166,4
33171,4
33188,2
33201,3
33237,1
33294,2
33310,4
33312,1
33421,4
33435,3
33437,4
33493,4
33495,4
33499,4
33558,3
33564,1
33615,4
33629,2
33639,4
33644,4
33646,4
33649,4
33660,4
33669,4
33672,4
33677,4
33679,4
33681,4
33683,3
33725,4
33779,3
33781,1
33794,4
33801,4
33815,4
33826,4
33830,4
33834,4
33836,4
33838,4
33880,4
33893,4
33896,4
33903,4
33966,2
34018,1
34048,4
34072,4
34129,4
34143,4
34148,4
34150,4
34153,4
34162,4
34164,4
34271,4
34292,2
34312,4
34319,4
34321,4
34323,4
34326,4
34330,4
34332,4
34334,4
34336,4
34338,4
34359,1
34397,3
34405,4
34437,4
34450,2
34482,1
34520,4
34523,4
34528,4
34530,4
34532,4
34534,4
34536,4
34540,4
34542,4
34800,2
34811,4
35015,4
35347,1
35807,1
35836,4
35957,4
36276,4
36289,3
36363,2
36397,4
36401,4
36477,4
36509,4
36517,4
36519,4
36525,4
36527,4
36529,4
36533,4
36535,4
36537,4
36708,4
36850,2
36931,4
37211,1
37240,4
37380,4
37382,4
37384,4
37386,4
37444,2
37475,4
37477,4
37495,4
37545,2
37720,4
37727,4
37729,4
37731,4
37733,4
37736,4
37739,4
37741,4
37830,4
37844,4
37853,4
37857,4
38038,4
38061,4
38095,4
38159,2
38164,1
38198,4
38294,4
38304,4
38388,4
38583,2
38798,4
38886,4
38992,4
39183,4
39231,4
39234,4
39292,4
39307,4
39381,4
39400,4
39414,4
39427,4
39435,4
39444,4
39446,4
39449,4
39516,4
39715,4
39801,4
39869,4
40148,4
40278,4
40339,4
40412,4
40414,4
40478,1
40491,2
40578,1
40581,4
40583,4
40597,3
40614,4
40617,4
40629,4
40697,0
40723,4
40732,4
40815,4
40819,4
40826,4
40851,4
40870,4
40946,4
40955,4
40959,4
40962,4
40966,4
41014,1
41285,4
41527,4
41566,4
41569,4
41571,4
41573,4
41617,4
41627,1
41712,3
41716,4
41724,4
41769,4
41828,1
41863,4
41997,4
42002,4
42004,4
42007,4
42009,4
42011,4
42013,4
42015,4
42018,4
42176,1
42191,2
42285,3
42418,4
42422,3
42556,1
42559,1
42602,4
42632,4
42638,3
42718,4
42723,4
42725,4
42728,4
42730,4
42732,4
42734,4
42738,4
42740,4
42761,3
42943,2
42946,2
43289,3
43333,4
43376,4
43396,4
43419,4
43460,4
43549,4
43556,4
43558,4
43560,4
43677,2
43679,4
43684,4
43708,4
43744,4
43836,4
43869,4
43871,4
43904,4
43908,4
43912,4
43914,4
43917,4
43919,4
43921,4
43928,4
43930,4
43932,4
43936,4
44004,4
44020,4
44022,4
44189,4
44191,4
44193,4
44195,4
44197,4
44199,4
44204,4
44225,4
44238,2
44241,2
44243,3
44301,4
44397,4
44399,4
44511,4
44555,4
44597,1
44613,4
44633,4
44657,1
44665,4
44694,4
44709,4
44719,3
44731,4
44759,4
44761,4
44773,3
44777,4
44788,4
44828,4
44840,4
44849,4
44851,4
44864,4
44889,4
44929,4
44931,1
44937,4
44943,3
44972,4
44974,4
45028,4
45062,4
45074,4
45081,4
45106,4
45175,4
45183,4
45186,4
45208,4
45210,4
45221,4
45361,4
45382,4
45431,4
45440,4
45442,4
45447,4
45499,4
45501,4
45503,4
45517,4
45635,4
45648,4
45658,4
45662,4
45666,4
45668,4
45672,4
45720,4
45722,4
45726,4
45728,4
45730,4
45732,4
45880,4
45928,4
45950,4
45969,2
46062,4
46105,4
46231,4
46322,4
46335,4
46337,4
46347,4
46367,2
46530,4
46559,4
46572,4
46574,4
46578,4
46664,1
46723,4
46772,4
46850,4
46855,1
46862,2
46865,4
46948,4
46965,4
46967,4
46970,4
46972,4
46974,4
46976,4
47044,4
47099,4
47122,4
47124,4
47200,4
47202,4
47254,4
47261,4
47382,4
47384,4
47404,4
47423,4
47446,4
47465,4
47491,4
47516,4
47518,4
47538,2
47566,1
47610,4
47629,4
47640,4
47644,4
47646,4
47721,1
47725,4
47736,1
47774,2
47793,4
47810,4
47894,4
47937,4
47950,4
47952,4
47970,4
47978,4
47997,4
47999,4
48001,4
48032,4
48043,4
48045,2
48082,4
48142,4
48150,4
48161,4
48214,4
48262,4
48304,4
48319,4
48322,4
48326,4
48342,4
48385,4
48394,4
48412,4
48414,4
48416,4
48516,4
48518,4
48520,4
48560,4
48593,4
48596,4
48598,4
48638,2
48649,1
48678,4
48696,4
48698,4
48738,4
48741,4
48744,4
48774,4
48780,4
48783,4
48872,4
48877,4
48879,4
48883,4
48982,4
48997,4
49013,4
49110,2
49130,4
49132,4
49220,4
49263,4
49265,4
49272,4
49274,4
49276,4
49278,4
49280,4
49284,4
49286,4
49314,4
49347,4
49389,1
49396,4
49524,4
49530,4
49647,4
49649,4
49651,4
49666,4
49688,1
49735,4
49772,4
49793,4
49822,4
49824,4
49910,4
49917,4
49932,4
49957,4
49961,4
50003,4
50005,4
50064,4
50068,4
50147,4
50158,4
50160,4
50189,4
50274,4
50354,1
50356,1
50440,4
50442,4
50445,4
50514,4
50601,4
50610,4
50613,4
50658,4
50685,4
50740,1
50792,4
50794,4
50796,4
50798,4
50800,4
50802,4
50804,4
50806,4
50842,4
50851,4
50872,4
50912,4
50923,4
50942,4
50954,4
50999,4
51024,3
51037,4
51077,4
51080,4
51082,4
51084,4
51086,4
51088,4
51091,4
51167,4
51174,4
51255,4
51314,4
51357,2
51412,4
51471,4
51498,4
51540,4
51545,4
51562,2
51573,1
51575,4
51662,4
51666,4
51694,4
51698,4
51705,4
51709,4
51834,4
51884,4
51903,4
51925,4
51927,4
51931,4
51933,4
51935,4
51937,4
51939,4
52042,4
52241,4
52245,4
52279,4
52281,4
52283,4
52287,4
52299,4
52319,2
52328,4
52375,4
52435,1
52458,4
52462,4
52579,4
52604,4
52644,4
52668,4
52694,4
52712,4
52715,4
52722,4
52724,4
52730,3
52767,2
52784,4
52831,2
52867,4
52885,4
52950,4
52952,4
52967,4
52973,4
52975,4
53000,4
53022,2
53024,4
53121,4
53123,4
53125,4
53127,4
53129,4
53138,4
53140,4
53143,4
53161,4
53280,4
53318,4
53322,4
53326,4
53355,3
53435,4
53447,4
53450,2
53453,2
53460,4
53464,4
53466,4
53468,4
53519,4
53550,4
53574,4
53578,4
53808,4
53883,4
53894,4
53921,4
53953,4
53956,4
53972,4
53974,4
53993,4
53996,4
54001,4
54004,4
54116,4
54121,1
54185,4
54190,4
54256,4
54259,4
54272,4
54274,4
54276,4
54281,4
54286,4
54354,4
54372,4
54503,4
54617,4
54648,4
54686,4
54732,4
54734,4
54736,4
54745,4
54768,4
54771,4
54780,4
54785,4
54787,4
54796,4
54881,4
54908,4
54910,4
54934,4
54962,4
54995,4
54997,4
54999,4
55020,4
55036,3
55052,4
55061,4
55067,4
55069,4
55071,4
55080,4
55094,4
55110,4
55112,4
55116,4
55118,4
55156,4
55167,4
55190,4
55205,4
55207,4
55232,4
55241,4
55245,4
55247,4
55250,4
55253,4
55259,4
55261,4
55267,4
55269,4
55272,4
55274,4
55276,4
55278,4
55280,4
55282,4
55290,4
55292,4
55294,4
55363,4
55391,4
55442,4
55444,4
55451,4
55492,4
55553,4
55555,4
55577,4
55620,4
55687,4
55721,4
55729,4
55765,4
55768,4
55805,4
55814,4
55820,4
55830,4
55844,4
55854,1
55872,4
55908,4
55946,4
55995,4
56003,4
56012,4
56022,2
56060,4
56145,4
56152,4
56156,4
56169,4
56171,4
56174,4
56176,4
56251,4
56274,4
56286,4
56333,4
56336,4
56339,4
56367,4
56379,4
56389,4
56563,4
56587,4
56607,4
56620,4
56715,4
56757,4
56775,4
56782,4
56788,4
56801,4
56805,4
56837,4
56869,4
56908,4
56915,4
56921,4
56941,4
56949,4
57147,4
57183,4
57243,4
57274,4
57326,4
57368,4
57421,4
57499,2
57502,3
57504,4
57522,4
57526,4
57528,4
57532,4
57536,4
57637,4
57640,4
57669,4
57772,1
57843,4
57910,4
57951,4
58025,4
58047,4
58078,4
58103,4
58105,4
58107,4
58154,4
58156,4
58162,4
58191,4
58287,4
58291,4
58293,4
58295,4
58297,4
58299,4
58301,4
58303,4
58306,4
58309,4
58315,4
58332,4
58347,4
58351,4
58376,4
58404,4
58425,4
58492,4
58554,4
58559,4
58627,4
58655,4
58783,4
58803,4
58806,4
58826,4
58839,4
58842,4
58870,4
58876,4
58879,4
58964,4
58972,4
58975,4
58998,4
59014,4
59016,4
59018,4
59022,4
59026,4
59037,4
59103,4
59118,4
59126,4
59129,4
59131,4
59141,4
59143,4
59220,4
59258,4
59295,4
59306,4
59315,4
59333,4
59336,4
59369,4
59387,4
59421,4
59429,4
59440,4
59501,4
59549,4
59604,4
59615,4
59667,4
59725,4
59727,4
59731,4
59738,4
59784,4
59810,4
59814,4
59900,4
59915,4
59947,2
59985,4
59995,4
60030,4
60037,4
60040,4
60046,4
60069,4
60072,4
60074,4
60126,4
60128,4
60141,4
60161,4
60289,4
60291,4
60293,4
60303,4
60333,4
60363,4
60365,1
60389,4
60397,4
60408,4
60471,4
60487,1
60514,4
60516,4
60522,4
60538,4
60647,4
60674,4
60684,4
60735,4
60737,4
60753,4
60756,4
60760,4
60766,4
60803,1
60818,4
60832,4
60857,4
60885,4
60894,4
60904,2
60937,4
60941,4
60943,4
60950,4
60979,4
61011,4
61024,4
61026,4
61071,4
61073,4
61123,4
61132,4
61160,4
61167,4
61210,4
61236,4
61240,4
61246,4
61248,4
61250,4
61255,4
61257,4
61262,4
61289,4
61319,4
61323,4
61348,4
61350,4
61352,4
61394,4
61401,4
61406,4
61465,4
61628,4
61692,4
61697,4
61705,4
61729,4
61818,4
61986,4
62008,4
62081,4
62113,4
62155,4
62208,1
62250,4
62293,4
62299,4
62336,3
62344,4
62374,4
62376,4
62383,1
62394,4
62434,4
62437,4
62439,4
62511,4
62553,4
62586,4
62644,4
62662,2
62718,4
62792,4
62799,4
62834,3
62836,4
62849,4
62956,4
62970,4
62999,4
63033,4
63062,4
63072,4
63082,4
63113,4
63131,4
63179,4
63222,4
63239,3
63276,4
63312,4
63393,4
63433,4
63436,4
63479,4
63515,4
63540,4
63768,1
63808,4
63826,4
63853,4
63859,4
63876,4
63992,4
64010,4
64030,4
64032,4
64034,4
64114,4
64116,4
64167,3
64197,4
64231,4
64249,4
64278,4
64285,4
64497,4
64499,4
64501,4
64575,4
64614,4
64620,4
64622,4
64695,4
64716,4
64839,4
64957,4
64969,4
64983,4
64993,4
64997,4
65037,4
65088,4
65126,4
65130,4
65133,3
65135,2
65188,4
65193,4
65216,4
65225,4
65230,4
65261,4
65350,1
65359,4
65514,4
65577,4
65585,4
65588,4
65596,4
65601,4
65631,4
65642,4
65651,4
65682,4
65685,4
65738,2
65740,2
65802,4
65810,4
65882,4
65982,4
66090,4
66097,4
66171,4
66198,4
66203,4
66240,4
66297,4
66310,4
66320,4
66335,4
66371,4
66427,4
66509,4
66511,4
66544,3
66665,4
66744,4
66783,4
66785,4
66798,4
66915,2
66934,4
66943,4
67087,4
67168,4
67186,4
67193,4
67197,4
67255,4
67267,4
67295,4
67361,4
67408,4
67508,4
67534,4
67618,4
67665,4
67695,4
67734,4
67788,4
67799,4
67888,1
67923,4
67997,4
68073,4
68135,4
68157,4
68159,4
68194,4
68205,4
68237,4
68269,4
68319,4
68347,4
68358,4
68444,4
68480,2
68486,4
68522,4
68536,3
68552,4
68554,4
68597,1
68600,4
68650,4
68659,4
68791,4
68793,4
68835,4
68848,4
68872,1
68886,4
68932,4
68945,3
68952,4
68954,4
68959,4
69069,4
69118,4
69122,4
69131,4
69134,4
69140,4
69211,4
69224,3
69227,2
69251,4
69275,4
69278,4
69304,4
69306,4
69394,4
69406,4
69436,4
69453,1
69469,4
69481,4
69495,4
69516,4
69524,2
69526,4
69529,4
69604,4
69606,4
69640,4
69644,4
69654,4
69685,3
69712,4
69720,4
69746,4
69757,4
69784,4
69805,4
69844,4
69849,2
69860,4
69904,4
69951,4
69953,4
69988,4
70015,4
70159,4
70183,4
70206,4
70208,4
70286,4
70293,4
70301,4
70305,4
70334,4
70336,4
70361,4
70451,4
70492,1
70521,4
70533,4
70545,4
70565,4
70599,4
70637,4
70641,4
70663,4
70687,4
70697,4
70703,2
70708,4
70728,4
70862,4
70932,4
70946,2
70984,4
70990,3
70994,4
71033,4
71057,4
71106,4
71108,4
71129,4
71131,4
71135,4
71147,1
71156,4
71160,4
71205,4
71211,4
71248,4
71252,4
71254,4
71264,4
71268,4
71282,4
71302,1
71304,4
71327,4
71341,4
71379,4
71429,4
71438,4
71453,1
71462,4
71464,4
71466,4
71468,4
71484,4
71494,4
71500,4
71518,4
71520,4
71530,4
71535,4
71550,4
71579,4
71619,4
71640,4
71668,4
71732,4
71745,4
71810,3
71823,4
71838,4
71867,4
71899,4
71902,4
71910,4
71970,1
71999,1
72011,4
72104,2
72129,4
72142,4
72165,4
72167,4
72171,4
72178,4
72224,4
72226,4
72294,4
72308,4
72330,4
72356,4
72378,4
72395,4
72405,4
72407,4
72424,3
72479,4
72489,4
72554,4
72591,3
72601,4
72603,4
72605,4
72624,4
72641,4
72692,3
72694,4
72696,4
72701,4
72714,4
72720,4
72731,4
72733,4
72737,4
72874,3
72919,4
72921,1
72982,4
72998,4
73015,4
73017,4
73023,4
73042,4
73106,4
73160,2
73211,4
73266,4
73268,5
73290,4
73319,5
73321,5
73323,4
73344,4
73386,4
73431,4
73488,4
73499,2
73501,1
73515,4
73569,2
73676,4
73681,4
73741,4
73804,4
73808,4
73822,2
73854,1
73858,4
73876,4
73881,4
73929,5
74075,4
74089,1
74095,2
74154,5
74226,2
74228,4
74275,4
74282,2
74324,5
74342,1
74370,4
74450,5
74452,5
74458,5
74508,4
74510,4
74530,5
74532,5
74545,5
74553,4
74580,5
74624,4
74647,4
74668,4
74677,4
74683,3
74685,5
74688,5
74696,4
74698,5
74727,1
74750,4
74754,3
74789,5
74791,4
74795,5
74851,5
74868,4
74916,5
74946,5
74948,4
75341,5
75389,4
75395,5
75416,3
75446,4
75803,5
75805,5
75813,4
75816,4
75947,1
75985,5
76030,4
76054,4
76060,4
76077,5
76091,4
76093,5
76143,4
76173,4
76175,5
76251,5
76293,5
76301,4
76738,5
76743,3
76751,4
76763,5
77177,4
77191,5
77201,4
77206,5
77233,4
77266,4
77364,5
77414,5
77421,5
77427,4
77455,5
77561,5
77667,5
77688,2
77709,4
77795,4
77798,5
77800,5
77841,4
77846,3
77866,5
77881,3
77893,4
77931,4
78034,5
78039,5
78041,5
78088,5
78103,4
78105,5
78116,5
78142,4
78160,3
78174,5
78209,5
78218,5
78264,5
78266,4
78316,5
78349,4
78467,5
78469,5
78499,5
78544,4
78574,5
78620,1
78626,3
78637,5
78703,4
78746,4
78772,5
78836,4
78893,5
78959,4
79006,4
79008,4
79057,5
79073,4
79091,5
79132,5
79134,5
79139,5
79185,5
79224,5
79242,5
79251,5
79259,4
79274,5
79293,5
79299,4
79333,1
79357,4
79428,5
79501,3
79536,4
79553,5
79572,5
79590,4
79592,5
79677,5
79684,4
79695,5
79702,5
79798,4
79868,4
79879,5
79895,5
79897,4
79946,4
80083,2
80094,5
80124,3
80126,5
80139,4
80162,4
80166,5
80219,5
80241,5
80363,5
80454,5
80463,5
80478,1
80489,5
80549,5
80551,5
80553,5
80572,5
80584,4
80586,5
80590,5
80615,5
80693,5
80727,4
80748,1
80831,5
80834,5
80839,5
80846,5
80858,5
80860,5
80862,5
80864,5
80880,5
80906,5
80917,5
80969,5
81018,5
81087,4
81132,5
81156,5
81158,5
81191,5
81229,5
81257,5
81383,5
81417,5
81456,5
81512,5
81520,5
81535,5
81537,5
81562,5
81564,5
81591,5
81681,1
81782,5
81784,5
81786,5
81788,5
81791,5
81819,5
81831,5
81834,5
81845,5
81847,5
81910,4
81932,5
81949,5
82041,4
82053,5
82088,5
82093,5
82095,5
82152,5
82167,5
82169,5
82202,5
82242,5
82366,5
82378,5
82459,5
82461,5
82499,5
82527,5
82534,5
82641,1
82667,5
82684,4
82744,5
82765,5
82767,5
82848,1
82852,5
82854,5
82857,4
83086,5
83132,5
83134,5
83177,5
83270,5
83349,5
83369,5
83374,5
83480,5
83601,4
83613,5
83796,4
83803,5
83827,5
83910,5
83969,1
83976,5
84152,5
84156,5
84187,4
84189,5
84240,5
84246,1
84273,5
84374,5
84392,5
84414,5
84512,1
84523,1
84553,1
84601,5
84615,5
84637,5
84696,5
84716,4
84772,5
84799,1
84844,3
84847,4
84942,5
84944,5
84950,5
84952,5
84954,5
85020,5
85022,5
85025,5
85056,5
85131,5
85179,4
85213,5
85259,1
85261,5
85295,5
85316,1
85334,2
85342,5
85354,4
85367,5
85394,5
85397,5
85399,5
85401,5
85412,5
85414,5
85438,5
85510,5
85565,5
85736,4
85774,5
85780,5
85788,5
85796,5
85881,5
85885,5
86000,5
86014,5
86028,5
86059,5
86066,4
86068,4
86142,5
86190,5
86237,2
86279,5
86286,2
86290,4
86293,5
86295,5
86298,5
86320,5
86332,5
86345,5
86347,4
86355,5
86377,4
86487,5
86504,4
86548,5
86593,5
86628,5
86644,5
86668,4
86721,4
86781,5
86815,5
86817,5
86833,5
86835,5
86864,1
86880,5
86882,5
86892,5
86898,5
86911,5
86922,5
86960,4
87028,5
87192,5
87194,5
87197,5
87222,5
87232,5
87234,5
87287,5
87298,5
87304,5
87306,5
87413,3
87430,5
87444,5
87483,5
87485,5
87520,5
87522,5
87529,5
87660,5
87785,5
87834,3
87867,5
87869,5
87876,5
87960,4
88069,5
88094,5
88108,5
88125,5
88129,5
88140,5
88163,5
88179,5
88235,5
88267,5
88272,5
88327,1
88345,3
88356,5
88405,5
88448,5
88515,5
88593,5
88672,5
88697,3
88699,5
88744,5
88746,5
88785,5
88810,5
88812,5
88911,5
88932,5
88954,5
89028,5
89030,5
89039,5
89047,5
89072,5
89085,5
89087,5
89090,5
89118,5
89190,5
89208,4
89281,5
89305,5
89343,5
89386,5
89388,5
89427,5
89470,5
89492,5
89580,5
89582,5
89586,5
89678,4
89745,5
89753,5
89759,5
89761,5
89774,5
89804,5
89837,5
89840,5
89862,5
89864,5
89898,5
89904,5
89939,1
89945,5
90057,5
90243,1
90245,2
90249,5
90343,5
90345,5
90353,5
90357,5
90374,5
90376,5
90384,4
90403,5
90405,5
90428,5
90430,5
90439,5
90469,5
90471,5
90522,5
90524,5
90528,5
90531,5
90576,5
90600,5
90603,5
90630,5
90647,5
90717,5
90719,5
90738,5
90746,5
90769,4
90809,5
90863,5
90866,5
90888,5
90890,5
90943,5
90945,2
91077,5
91079,5
91094,5
91104,5
91126,5
91128,5
91233,4
91261,4
91266,4
91273,5
91323,5
91325,5
91337,4
91353,2
91355,4
91386,5
91414,5
91470,5
91483,5
91485,5
91488,2
91500,5
91529,5
91535,5
91542,5
91571,5
91622,5
91628,5
91630,5
91653,5
91658,5
91660,5
91666,1
91671,5
91688,5
91690,5
91784,5
91842,5
91860,2
91869,5
91873,5
91890,5
91935,5
91947,4
91974,5
91976,5
91978,5
91981,5
92008,5
92046,4
92048,5
92094,4
92192,5
92198,5
92234,5
92243,5
92259,5
92264,5
92309,5
92348,1
92391,5
92420,5
92422,5
92427,5
92439,5
92475,5
92494,4
92507,5
92509,5
92535,5
92637,1
92643,5
92665,5
92674,5
92681,5
92694,5
92730,3
92760,1
92938,5
92954,4
93006,4
93008,5
93022,5
93040,2
93114,1
93134,5
93139,5
93193,5
93208,2
93242,5
93270,5
93272,5
93287,5
93297,5
93320,3
93326,5
93363,5
93443,5
93502,5
93510,5
93512,5
93563,5
93598,5
93610,5
93721,5
93723,5
93740,5
93766,5
93790,5
93805,5
93819,5
93831,5
93838,5
93840,5
93855,5
93980,5
93982,5
93988,4
94011,5
94015,5
94018,5
94070,5
94122,5
94130,5
94150,5
94160,5
94262,1
94266,5
94323,5
94325,5
94405,5
94478,5
94494,5
94503,5
94661,4
94677,5
94735,4
94777,5
94780,5
94799,5
94810,5
94833,5
94864,5
94867,5
94896,5
94919,5
94931,5
94953,5
94959,5
94985,5
95004,4
95067,5
95088,5
95105,5
95135,5
95145,2
95147,2
95149,4
95163,2
95165,2
95167,5
95170,3
95175,4
95182,2
95193,3
95199,5
95201,5
95207,5
95218,5
95307,5
95309,5
95311,4
95313,4
95377,4
95441,5
95449,5
95473,2
95475,2
95497,2
95499,2
95508,5
95510,5
95519,2
95543,5
95558,5
95583,5
95624,4
95633,4
95654,3
95690,5
95717,5
95720,5
95738,2
95744,5
95761,5
95771,2
95780,2
95796,4
95839,3
95843,1
95858,3
95873,5
95875,5
95939,5
95949,5
95965,2
96004,2
96007,3
96020,5
96079,5
96084,1
96110,5
96114,5
96121,5
96150,5
96281,5
96283,5
96373,5
96411,5
96417,5
96430,5
96432,5
96448,5
96471,2
96488,5
96518,3
96520,2
96530,5
96563,5
96567,5
96588,5
96606,5
96608,2
96610,5
96616,5
96655,5
96691,5
96726,5
96728,5
96737,5
96811,5
96815,5
96821,5
96829,5
96832,5
96861,5
96917,5
96935,3
96945,5
96964,5
96975,5
97024,5
97168,5
97172,5
97188,5
97194,3
97225,5
97230,5
97285,1
97304,5
97306,5
97328,5
97470,5
97643,5
97665,5
97701,5
97742,5
97752,5
97757,4
97785,5
97836,5
97858,5
97860,5
97866,5
97870,5
97904,5
97913,5
97921,5
97923,5
97936,5
97938,5
97950,5
97988,5
98061,5
98083,5
98122,5
98124,5
98154,5
98160,5
98175,5
98203,5
98230,5
98239,5
98243,5
98279,5
98296,5
98361,5
98491,5
98499,2
98503,2
98585,5
98604,5
98607,4
98623,2
98633,2
98697,1
98799,5
98809,5
98836,5
98908,5
98961,5
99005,5
99007,5
99030,5
99087,5
99106,5
99112,5
99114,5
99117,5
99122,2
99130,2
99145,5
99149,5
99191,3
99415,5
99437,5
99532,3
99574,5
99636,5
99638,4
99721,5
99728,5
99750,5
99764,5
99813,5
99846,5
99853,5
99910,5
99917,5
99992,5
100044,5
100068,5
100083,5
100106,5
100159,5
100163,5
100194,5
100226,5
100277,5
100302,5
100304,5
100306,2
100326,5
100383,5
100390,5
100397,5
100487,5
100498,5
100507,5
100527,5
100553,5
100556,5
100579,5
100611,5
100714,5
100737,5
100810,5
100843,5
100882,5
100906,2
101025,5
101070,5
101072,5
101074,1
101076,5
101088,5
101112,5
101142,5
101283,5
101360,5
101362,5
101415,5
101423,3
101525,5
101529,5
101531,5
101577,5
101612,5
101739,5
101741,5
101765,5
101864,5
101884,5
101895,5
101962,5
101973,5
102007,4
102025,1
102033,5
102058,4
102066,5
102070,5
102084,5
102088,5
102123,5
102125,5
102165,5
102194,5
102217,2
102278,5
102338,2
102378,5
102407,5
102445,5
102481,5
102590,4
102602,2
102666,1
102684,5
102686,5
102716,5
102720,5
102735,2
102742,3
102747,1
102749,2
102760,4
102800,5
102802,5
102819,5
102823,3
102852,5
102880,5
102903,5
102984,5
102993,5
103027,5
103042,5
103048,5
103075,5
103085,5
103107,5
103137,5
103141,5
103171,5
103210,5
103219,5
103221,5
103228,5
103233,5
103235,5
103245,4
103249,5
103253,5
103335,5
103339,5
103341,5
103366,5
103372,5
103384,5
103449,5
103483,5
103502,5
103539,5
103543,5
103596,5
103602,5
103606,5
103609,2
103624,5
103655,5
103685,5
103688,5
103755,5
103772,5
103801,5
103810,5
103819,5
103865,5
103883,5
103980,5
103984,5
104017,1
104069,5
104074,5
104076,5
104078,5
104129,5
104141,3
104211,5
104218,5
104241,5
104243,5
104245,5
104272,5
104283,5
104303,5
104337,5
104339,5
104374,5
104419,5
104457,5
104644,5
104760,5
104780,2
104837,2
104841,5
104863,5
104875,5
104879,5
104906,5
104908,5
104913,5
104925,5
104944,5
105020,2
105037,5
105121,5
105197,5
105211,5
105213,5
105246,5
105250,3
105254,5
105325,5
105351,5
105355,5
105468,5
105504,5
105540,3
105585,5
105593,5
105653,5
105720,1
105731,5
105746,5
105755,5
105801,5
105835,5
105844,5
105954,5
106002,5
106062,5
106072,5
106100,5
106144,5
106330,5
106438,5
106441,5
106487,5
106489,5
106491,5
106540,5
106542,5
106594,5
106642,5
106648,5
106696,5
106766,5
106782,5
106785,5
106839,5
106873,5
106883,5
106889,5
106916,5
106918,5
106920,5
106927,4
107013,2
107069,5
107141,5
107159,1
107314,5
107338,5
107348,5
107406,5
107408,1
107410,2
107412,1
107436,5
107447,5
107449,4
107462,5
107565,5
107630,5
107702,5
107723,4
107771,5
107780,3
107846,2
107945,5
107951,5
107953,5
107962,5
107997,5
107999,2
108078,5
108090,3
108156,5
108188,5
108190,5
108192,4
108540,5
108601,5
108689,5
108715,5
108727,5
108729,5
108795,4
108928,5
108932,5
108945,5
108949,5
108981,5
109042,5
109161,5
109183,5
109187,5
109191,5
109241,5
109282,5
109295,5
109313,3
109317,5
109372,5
109374,5
109383,5
109416,4
109483,5
109487,5
109569,5
109576,5
109578,5
109596,5
109633,5
109673,5
109687,5
109723,5
109846,5
109848,5
109850,5
109853,5
109864,5
109895,5
109897,5
109941,5
109968,5
109971,5
110102,5
110127,5
110130,5
110281,3
110286,5
110297,5
110330,5
110350,5
110387,5
110501,5
110541,2
110553,5
110586,5
110591,5
110603,5
110611,5
110655,5
110669,5
110718,5
110730,5
110746,5
110771,5
110773,5
110781,4
110826,5
110882,5
111113,5
111146,5
111320,5
111360,5
111362,5
111364,5
111375,5
111384,5
111443,5
111551,5
111617,5
111622,5
111659,5
111663,5
111680,5
111732,5
111743,5
111759,5
111781,5
111785,4
111795,5
111800,5
111817,5
111844,5
111913,5
111921,5
112006,5
112070,5
112138,5
112171,5
112175,5
112183,5
112290,5
112303,5
112316,5
112326,3
112334,5
112370,5
112421,5
112450,5
112454,5
112460,5
112497,5
112512,5
112515,5
112552,5
112556,5
112580,5
112623,5
112727,5
112749,5
112788,5
112804,5
112818,5
112852,5
112868,5
112897,5
112911,5
112940,5
113159,5
113186,5
113207,5
113225,5
113252,5
113275,5
113278,5
113280,5
113313,5
113345,5
113348,5
113350,5
113374,3
113378,5
113394,5
113416,5
113453,5
113532,5
113565,5
113573,5
113604,5
113705,5
113741,5
113780,5
113829,5
113849,5
113862,5
114028,5
114044,5
114060,5
114066,5
114074,5
114126,4
114180,5
114184,5
114246,5
114265,5
114335,1
114396,5
114494,5
114554,5
114601,5
114627,2
114662,5
114670,5
114678,5
114707,5
114713,5
114762,5
114795,5
114818,5
114847,5
114925,5
114935,5
115065,5
115111,3
115122,5
115149,5
115151,5
115170,5
115203,5
115210,5
115216,5
115231,5
115502,5
115569,5
115617,5
115664,5
115667,5
115680,5
115713,5
115727,2
115819,5
115828,5
115877,5
115969,5
116044,2
116138,5
116169,5
116207,5
116411,5
116413,5
116419,5
116505,5
116529,5
116668,5
116718,1
116724,5
116738,5
116797,5
116799,5
116817,5
116823,5
116849,5
116887,5
116897,5
116941,2
116963,2
116977,5
116985,5
117107,5
117109,5
117133,4
117176,5
117192,5
117364,5
117368,4
117444,5
117466,5
117511,5
117529,5
117531,5
117533,5
117545,5
117572,5
117590,5
117630,2
117646,3
117849,3
117851,5
117867,5
117877,5
117881,5
117887,5
117895,5
117922,5
118082,5
118166,2
118198,5
118248,5
118270,5
118290,3
118326,5
118354,5
118512,4
118530,3
118572,5
118696,5
118700,5
118702,5
118706,5
118784,4
118814,5
118834,4
118862,5
118880,5
118888,4
118894,5
118896,5
118900,5
118924,5
118930,5
118985,5
118997,5
119068,5
119141,5
119145,5
119153,5
119155,5
119167,5
119218,5
119655,5
119714,5
119828,2
119964,5
120130,5
120138,5
120466,5
120478,5
120625,5
120635,5
120637,5
120761,1
120783,5
120799,5
120807,5
120813,4
120827,2
120919,5
121007,4
121035,5
121097,2
121099,3
121129,5
121169,5
121171,5
121231,5
121253,5
121338,1
121342,1
121372,5
121374,4
121469,4
121715,5
121781,4
122092,4
122246,5
122260,4
122433,1
122490,5
122627,3
122882,5
122884,5
122886,5
122888,5
122890,5
122892,5
122896,5
122898,5
122900,5
122902,5
122904,5
122906,5
122912,5
122916,5
122918,5
122920,5
122922,5
122924,5
122926,5
122932,5
123200,4
123310,3
123545,1
123553,5
123947,5
124273,5
124404,5
124484,2
124851,5
124853,1
124859,5
125221,1
125914,5
125916,5
125970,3
125974,4
126088,2
126090,1
126142,2
126420,5
126426,1
126430,5
126482,5
126548,5
126577,5
126921,4
127052,1
127096,5
127098,5
127108,5
127114,5
127116,5
127130,5
127132,5
127134,5
127136,5
127146,5
127152,5
127164,5
127172,5
127180,5
127184,5
127194,5
127198,5
127202,5
127204,5
127212,5
127298,5
127319,5
127323,5
127390,4
128087,1
128089,4
128097,5
128099,5
128197,2
128360,5
128366,5
128488,5
128512,5
128520,5
128542,5
128592,5
128594,5
128620,5
128695,5
128736,5
128832,5
128838,5
128842,5
128852,3
128900,3
128902,5
128908,5
128914,5
128944,3
128968,3
128975,5
128991,5
129011,3
129229,5
129250,5
129313,5
129333,5
129354,5
129397,5
129428,5
129514,4
129657,5
129659,5
129737,5
129779,5
129937,5
130050,5
130052,5
130073,5
130083,5
130087,5
130444,5
130450,5
130452,5
130482,1
130490,5
130498,3
130518,4
130520,5
130576,5
130578,5
130634,5
130686,5
130840,5
130842,5
130970,4
130976,5
130978,2
131013,5
131023,5
131098,5
131104,1
131130,4
131237,5
131439,5
131480,5
131578,2
131610,2
131656,5
131714,5
131724,5
131739,5
131749,5
131796,5
131826,5
131920,5
131934,2
132046,5
132084,2
132153,5
132157,5
132333,5
132335,5
132362,2
132422,5
132424,5
132454,5
132462,5
132488,5
132496,5
132584,3
132618,5
132660,5
132796,5
132800,5
132888,5
133115,5
133195,5
133217,5
133281,5
133365,5
133377,5
133419,5
133545,5
133645,5
133712,2
133716,1
133771,5
133780,5
133782,5
133798,5
133802,5
133832,5
133867,5
133879,1
134004,4
134019,1
134021,5
134041,1
134095,4
134109,4
134130,5
134158,5
134170,5
134184,4
134214,5
134246,5
134248,5
134252,2
134326,2
134334,4
134368,5
134393,5
134515,2
134524,5
134528,5
134775,5
134783,5
134796,5
134808,5
134847,5
134849,1
134853,5
134859,5
134861,5
134881,5
135133,5
135137,5
135143,5
135198,5
135216,2
135288,5
135436,5
135456,4
135518,5
135532,5
135534,5
135536,5
135567,5
135569,5
135777,4
135787,3
135803,2
135815,2
135861,5
135885,5
135887,5
135937,2
136012,3
136016,5
136018,5
136020,5
136024,2
136297,2
136305,5
136341,4
136353,4
136355,5
136359,2
136443,4
136445,3
136447,3
136449,4
136469,3
136471,5
136503,4
136511,5
136540,5
136556,5
136562,5
136564,5
136598,5
136602,5
136654,5
136664,5
136666,5
136778,5
136786,5
136800,5
136816,5
136834,4
136838,4
136840,5
136850,1
136859,5
136864,5
136912,5
136958,2
137218,2
137337,5
137345,5
137517,2
137595,5
137857,5
137859,2
137863,5
138036,5
138186,5
138204,5
138208,5
138210,5
138396,5
138546,5
138610,5
138632,5
138702,5
138798,5
138835,2
138966,3
139052,5
139130,4
139157,5
139385,5
139415,5
139511,4
139640,5
139642,5
139644,5
139655,5
139717,5
139747,5
139855,5
139857,5
139859,5
139915,5
139994,2
140016,5
140038,2
140110,5
140133,2
140162,5
140174,5
140237,5
140247,5
140265,2
140267,5
140289,5
140301,5
140359,4
140481,4
140523,5
140525,5
140541,1
140561,5
140627,5
140711,5
140715,5
140725,5
140737,4
140816,5
140850,5
140852,2
140928,5
140956,0
141004,5
141131,5
141400,2
141408,5
141422,5
141513,5
141544,5
141646,5
141668,5
141688,5
141718,5
141749,5
141799,5
141810,2
141816,2
141818,2
141820,1
141830,1
141836,1
141844,1
141846,5
141866,5
141890,5
141928,5
141994,5
142020,1
142056,5
142074,5
142115,3
142196,4
142222,5
142366,4
142372,5
142420,5
142422,5
142424,5
142444,5
142448,5
142456,5
142488,5
142507,5
142509,5
142536,5
142550,5
142558,3
142598,5
142602,5
142831,4
142961,5
142997,5
143001,5
143031,4
143245,5
143255,5
143257,5
143355,5
143365,5
143367,5
143385,5
143410,0
143458,5
143472,5
143511,5
143525,5
143559,5
143859,5
143896,5
143969,5
144210,5
144222,5
144262,5
144352,5
144478,5
144522,3
144606,3
144620,5
144714,5
144716,5
144734,5
144976,5
145080,5
145150,5
145283,5
145418,5
145491,3
145724,1
145745,3
145839,5
145935,5
145951,3
145994,2
146024,2
146028,2
146210,5
146244,3
146309,5
146656,5
146662,5
146682,5
146684,5
146688,5
146730,5
146986,2
147002,4
147142,4
147196,1
147250,0
147282,5
147286,2
147300,2
147326,2
147328,2
147330,2
147372,5
147374,5
147376,5
147378,4
147380,4
147382,4
147384,4
147410,5
147657,2
147662,1
147936,3
148166,5
148172,5
148238,5
148424,5
148482,5
148592,5
148626,5
148632,5
148652,5
148667,5
148671,3
148675,5
148709,5
148775,4
148881,5
148888,5
148956,5
148978,5
148982,2
149011,5
149144,5
149146,5
149330,2
149334,0
149350,5
149352,5
149354,5
149380,5
149406,5
149508,5
149566,5
149590,5
149612,5
149830,5
149902,5
150254,5
150401,5
150548,5
150554,3
150596,5
150604,5
150696,5
150993,5
151311,5
151315,5
151317,5
151455,5
151479,2
151501,5
151557,5
151559,5
151653,5
151687,5
151695,5
151739,5
151745,1
151759,5
151763,4
151769,2
151777,5
151781,4
152037,5
152063,5
152065,5
152071,5
152077,5
152079,5
152081,5
152083,5
152085,5
152091,5
152105,1
152173,2
152270,5
152284,5
152372,5
152591,5
152658,5
152711,5
152970,5
153070,3
153236,4
153386,2
153408,4
154065,5
154358,5
154975,5
155064,5
155168,5
155288,5
155358,5
155509,5
155589,1
155659,5
155743,5
155774,5
155812,5
155820,5
155892,5
156025,5
156371,5
156387,5
156553,5
156605,0
156607,5
156609,5
156675,1
156706,5
156726,5
156781,4
156783,5
157108,2
157110,2
157122,5
157130,5
157172,2
157200,5
157270,5
157296,5
157312,5
157340,5
157369,5
157407,5
157432,5
157699,5
157775,3
157865,5
158022,5
158027,5
158035,5
158238,5
158254,5
158388,2
158398,2
158402,5
158528,5
158721,3
158783,5
158813,5
158830,5
158842,5
158872,5
158874,1
158882,5
158956,5
158966,5
158972,5
159061,5
159069,2
159077,5
159093,5
159161,5
159193,5
159403,2
159415,5
159441,5
159510,1
159690,5
159717,5
159755,5
159779,5
159811,1
159817,4
159849,5
159858,5
159976,5
160080,5
160271,5
160289,5
160341,3
160400,5
160422,1
160438,5
160440,5
160527,1
160563,5
160565,5
160567,5
160569,5
160571,5
160573,5
160644,5
160646,5
160684,5
160718,5
160730,5
160836,4
160848,5
160872,5
160954,5
160978,4
160980,5
161008,2
161024,5
161032,1
161044,3
161127,5
161131,5
161290,5
161354,5
161580,5
161582,5
161594,5
161634,5
161830,5
161918,5
161922,5
161966,5
162082,5
162344,5
162350,5
162414,0
162478,5
162578,5
162590,5
162598,5
162600,5
162602,5
162606,5
162828,5
162968,5
162982,5
163056,5
163072,1
163112,1
163134,5
163386,1
163527,5
163639,5
163645,5
163653,5
163809,5
163925,2
163937,5
163981,5
163985,5
164179,5
164200,5
164226,5
164280,5
164367,5
164375,5
164540,5
164647,5
164655,5
164707,4
164753,5
164881,5
164909,5
164917,5
165075,5
165101,5
165103,5
165139,5
165343,5
165347,5
165483,5
165489,5
165529,3
165549,5
165551,5
165635,5
165639,5
165645,5
165671,5
165843,5
165947,5
165959,4
165969,5
166015,5
166024,5
166183,1
166203,5
166291,5
166461,5
166492,5
166526,5
166528,5
166534,5
166558,5
166568,5
166635,5
166643,5
166705,5
166946,5
167018,5
167036,5
167064,5
167296,1
167370,5
167380,5
167538,2
167570,0
167634,5
167706,4
167732,5
167746,5
167772,2
167790,5
167854,5
168026,5
168090,5
168144,4
168174,5
168218,5
168248,5
168250,5
168252,5
168254,5
168266,5
168326,5
168350,5
168358,2
168366,5
168418,5
168456,5
168492,5
168608,5
168612,5
168632,5
168712,5
168846,5
169034,5
169180,5
169670,5
169904,2
169912,2
169958,5
169982,5
169984,5
169992,5
170289,4
170297,4
170355,3
170357,5
170399,5
170401,5
170411,5
170551,3
170597,2
170697,5
170705,3
170777,2
170813,5
170817,5
170827,5
170837,3
170875,5
170897,5
170907,5
170937,5
170939,5
170945,5
170957,5
170993,4
171011,5
171023,5
171251,5
171495,0
171631,0
171695,3
171701,5
171749,4
171751,3
171759,5
171763,5
171765,5
171811,5
171867,5
171891,0
171917,5
172013,5
172215,2
172229,2
172233,3
172253,2
172321,4
172461,5
172497,3
172547,5
172577,2
172583,2
172585,1
172587,2
172589,2
172591,2
172637,2
172705,5
172793,1
172825,1
172875,3
172881,3
172887,3
172909,1
173145,5
173197,5
173205,5
173209,5
173235,5
173253,5
173255,5
173291,5
173307,5
173317,5
173351,2
173355,2
173535,2
173619,2
173751,5
173873,3
173925,5
173941,5
173963,4
174045,5
174053,5
174055,5
174141,1
174403,5
174479,5
174551,1
174681,5
174727,5
174737,1
174815,5
174909,5
175197,5
175199,5
175293,1
175303,5
175387,1
175397,2
175401,2
175431,2
175435,2
175475,5
175485,5
175569,5
175577,5
175585,5
175661,5
175693,5
175705,1
175707,5
175743,5
175781,1
176051,5
176101,5
176329,5
176371,5
176389,5
176413,5
176415,5
176419,5
176423,5
176579,5
176601,0
176621,1
176751,5
176805,5
176935,5
177185,5
177285,5
177593,5
177615,5
177763,5
177765,5
177939,5
178061,5
178111,5
178129,5
178323,5
178613,3
178615,5
178827,5
179053,5
179073,1
179119,5
179133,5
179135,5
179211,5
179401,5
179427,5
179491,5
179511,5
179709,5
179749,5
179813,5
179815,5
179817,5
179819,5
179953,5
180031,5
180045,5
180095,5
180231,5
180263,3
180265,5
180297,5
180497,5
180777,4
180985,5
180987,5
181065,5
181139,5
181315,5
181413,5
181659,5
181719,2
182293,1
182297,1
182299,1
182639,3
182715,5
182727,5
182731,4
182749,5
182793,4
182823,5
183011,5
183197,5
183199,5
183227,5
183295,5
183301,2
183317,2
183611,5
183635,5
183897,5
183911,5
183959,5
184015,5
184053,4
184245,2
184253,5
184257,5
184349,4
184471,5
184641,5
184721,5
184791,5
184931,5
184987,5
184997,5
185029,5
185031,5
185033,5
185135,5
185435,5
185473,5
185585,5
186587,5
187031,5
187541,5
187593,5
187595,5
187717,5
188189,5
188301,5
188675,5
188751,5
188797,5
188833,5
189043,5
189111,5
189333,5
189381,5
189547,5
189713,5
190183,5
190207,5
190209,5
190213,5
190215,5
190219,3
190221,3
191005,5
193565,5
193567,5
193571,5
193573,5
193579,5
193581,5
193583,5
193585,5
193587,5
193609,2
